ticket_id,raised_date,resolved_date,priority,category,team,sla_target_hours,resolution_time_hours,sla_status
INC00001,2026-06-01 14:42:00,2026-06-03 10:25:38.026799,P3,Payment Failure,Database Ops,72,43.73,Met
INC00002,2026-05-27 20:35:00,2026-05-30 04:39:49.851719,P2,Access Request,App Support,24,56.08,Breached
INC00003,2026-08-05 05:01:00,2026-08-06 11:43:26.136018,P4,System Outage,App Support,120,30.71,Met
INC00004,2026-05-28 16:26:00,2026-05-29 08:10:13.287379,P3,System Outage,Access Management,72,15.74,Met
INC00005,2026-08-22 18:43:00,2026-08-24 14:10:20.777812,P3,Report Delay,Network Support,72,43.46,Met
INC00006,2026-03-21 08:38:00,2026-03-30 00:43:35.520640,P3,Data Discrepancy,App Support,72,208.09,Breached
INC00007,2026-05-29 20:01:00,2026-05-31 06:09:14.397421,P3,Performance Issue,Access Management,72,34.14,Met
INC00008,2026-08-22 02:13:00,2026-08-22 20:34:10.254861,P3,System Outage,App Support,72,18.35,Met
INC00009,2026-04-23 09:03:00,2026-04-26 03:35:18.885189,P3,Payment Failure,Access Management,72,66.54,Met
INC00010,2026-03-14 15:14:00,2026-03-15 23:13:24.907080,P4,Login Issue,App Support,120,31.99,Met
INC00011,2026-05-21 14:52:00,2026-05-24 09:08:25.049296,P3,System Outage,Access Management,72,66.27,Met
INC00012,2026-08-04 14:44:00,2026-08-07 14:08:07.359512,P2,Login Issue,Access Management,24,71.4,Breached
INC00013,2026-05-02 10:50:00,2026-05-03 04:06:18.286421,P2,Login Issue,Database Ops,24,17.27,Met
INC00014,2026-04-10 06:08:00,2026-04-10 07:39:30.191824,P1,Performance Issue,Database Ops,4,1.53,Met
INC00015,2026-04-06 02:43:00,2026-04-10 09:12:44.519074,P4,Login Issue,Database Ops,120,102.5,Met
INC00016,2026-07-09 00:04:00,2026-07-09 18:11:39.829696,P2,Performance Issue,Database Ops,24,18.13,Met
INC00017,2026-03-15 09:59:00,2026-03-15 19:06:24.478191,P3,Performance Issue,Network Support,72,9.12,Met
INC00018,2026-06-04 03:29:00,2026-06-05 23:40:25.237002,P3,Performance Issue,Database Ops,72,44.19,Met
INC00019,2026-03-13 06:58:00,2026-03-14 03:19:41.558097,P2,Payment Failure,Network Support,24,20.36,Met
INC00020,2026-07-12 11:43:00,2026-07-13 08:08:08.102215,P2,Payment Failure,Database Ops,24,20.42,Met
INC00021,2026-07-07 19:12:00,2026-07-08 07:54:32.822331,P4,Report Delay,Network Support,120,12.71,Met
INC00022,2026-04-20 09:43:00,2026-04-21 03:12:57.882412,P3,Login Issue,Access Management,72,17.5,Met
INC00023,2026-04-21 11:38:00,2026-04-22 13:14:49.509219,P3,Login Issue,Access Management,72,25.61,Met
INC00024,2026-06-21 01:01:00,2026-06-21 01:31:44.540971,P1,Login Issue,Network Support,4,0.51,Met
INC00025,2026-07-08 20:43:00,2026-07-09 10:23:44.468461,P2,Performance Issue,Access Management,24,13.68,Met
INC00026,2026-07-01 16:37:00,2026-07-02 07:54:56.540199,P2,Data Discrepancy,App Support,24,15.3,Met
INC00027,2026-07-22 00:08:00,2026-07-22 18:44:53.758211,P3,Access Request,Database Ops,72,18.61,Met
INC00028,2026-08-11 18:25:00,2026-08-12 15:28:41.549192,P3,Performance Issue,Access Management,72,21.06,Met
INC00029,2026-08-15 06:17:00,2026-08-18 15:12:13.410977,P4,Login Issue,Network Support,120,80.92,Met
INC00030,2026-08-06 09:34:00,2026-08-06 15:32:08.689846,P2,Login Issue,Access Management,24,5.97,Met
INC00031,2026-03-02 00:47:00,2026-03-03 18:09:03.213699,P3,Report Delay,Database Ops,72,41.37,Met
INC00032,2026-06-07 18:47:00,2026-06-10 06:23:25.367987,P3,Data Discrepancy,Access Management,72,59.61,Met
INC00033,2026-06-24 10:48:00,2026-06-28 18:27:09.098027,P4,System Outage,App Support,120,103.65,Met
INC00034,2026-06-07 17:45:00,2026-06-07 20:30:08.797220,P1,Access Request,Network Support,4,2.75,Met
INC00035,2026-05-07 00:13:00,2026-05-07 17:50:42.328792,P2,Performance Issue,Database Ops,24,17.63,Met
INC00036,2026-04-02 15:11:00,2026-04-05 20:05:21.337398,P4,Data Discrepancy,App Support,120,76.91,Met
INC00037,2026-06-17 18:53:00,2026-06-19 04:40:05.766609,P3,Access Request,App Support,72,33.78,Met
INC00038,2026-06-19 00:04:00,2026-06-20 13:49:02.285456,P3,System Outage,Database Ops,72,37.75,Met
INC00039,2026-03-17 11:27:00,2026-03-19 03:57:54.557508,P4,Data Discrepancy,Database Ops,120,40.52,Met
INC00040,2026-04-06 23:28:00,2026-04-11 14:03:55.649553,P4,Report Delay,Access Management,120,110.6,Met
INC00041,2026-08-07 22:32:00,2026-08-09 03:49:17.736583,P4,Login Issue,App Support,120,29.29,Met
INC00042,2026-04-27 02:39:00,2026-04-28 11:57:34.953108,P4,Performance Issue,App Support,120,33.31,Met
INC00043,2026-07-05 09:01:00,2026-07-07 20:09:18.929218,P3,Login Issue,Database Ops,72,59.14,Met
INC00044,2026-04-08 09:54:00,2026-04-10 00:01:59.189688,P4,Access Request,Access Management,120,38.13,Met
INC00045,2026-04-26 03:44:00,2026-04-26 15:16:29.702833,P3,Data Discrepancy,Access Management,72,11.54,Met
INC00046,2026-06-23 22:14:00,2026-06-23 22:57:10.338944,P1,Performance Issue,Database Ops,4,0.72,Met
INC00047,2026-07-31 21:57:00,2026-07-31 23:12:03.076653,P1,Payment Failure,App Support,4,1.25,Met
INC00048,2026-06-09 00:07:00,2026-06-09 20:31:29.688778,P3,Access Request,Database Ops,72,20.41,Met
INC00049,2026-06-17 19:29:00,2026-06-18 10:53:12.851966,P2,System Outage,Access Management,24,15.4,Met
INC00050,2026-07-02 09:29:00,2026-07-11 16:24:52.195906,P4,Report Delay,Access Management,120,222.93,Breached
INC00051,2026-05-29 04:25:00,2026-06-02 05:41:11.900252,P4,Login Issue,Access Management,120,97.27,Met
INC00052,2026-04-27 00:46:00,2026-04-28 17:34:45.618768,P3,Login Issue,Access Management,72,40.81,Met
INC00053,2026-07-07 15:38:00,2026-07-10 00:04:19.088395,P4,Access Request,Database Ops,120,56.44,Met
INC00054,2026-08-01 15:50:00,2026-08-01 16:16:56.176301,P1,Data Discrepancy,Access Management,4,0.45,Met
INC00055,2026-06-02 13:51:00,2026-06-02 18:22:49.527746,P1,Payment Failure,Access Management,4,4.53,Breached
INC00056,2026-06-08 00:29:00,2026-06-08 17:23:07.236965,P4,Data Discrepancy,Network Support,120,16.9,Met
INC00057,2026-08-27 09:57:00,2026-08-30 01:03:21.845374,P4,Access Request,Network Support,120,63.11,Met
INC00058,2026-03-24 15:54:00,2026-03-25 11:59:27.089680,P2,Report Delay,Access Management,24,20.09,Met
INC00059,2026-08-25 02:59:00,2026-08-27 11:49:44.504218,P3,Report Delay,Network Support,72,56.85,Met
INC00060,2026-05-04 00:39:00,2026-05-04 19:49:56.702817,P3,Access Request,Access Management,72,19.18,Met
INC00061,2026-07-08 18:49:00,2026-07-08 22:40:08.094343,P2,Access Request,App Support,24,3.85,Met
INC00062,2026-08-09 18:40:00,2026-08-13 05:20:29.339712,P4,Payment Failure,Network Support,120,82.67,Met
INC00063,2026-06-28 03:24:00,2026-06-29 20:10:03.095048,P4,Payment Failure,Network Support,120,40.77,Met
INC00064,2026-08-24 02:47:00,2026-08-25 16:17:06.040152,P4,Performance Issue,App Support,120,37.5,Met
INC00065,2026-03-12 16:54:00,2026-03-14 22:16:40.886018,P3,Login Issue,App Support,72,53.38,Met
INC00066,2026-05-01 19:47:00,2026-05-03 14:08:31.636080,P4,Report Delay,Network Support,120,42.36,Met
INC00067,2026-07-25 11:08:00,2026-07-25 14:45:48.758477,P1,System Outage,Database Ops,4,3.63,Met
INC00068,2026-07-22 20:04:00,2026-07-23 23:22:51.372636,P3,Report Delay,Network Support,72,27.31,Met
INC00069,2026-07-29 15:56:00,2026-08-03 02:53:17.167608,P4,Payment Failure,Database Ops,120,106.95,Met
INC00070,2026-06-30 04:34:00,2026-07-02 04:21:35.992609,P4,Payment Failure,Database Ops,120,47.79,Met
INC00071,2026-05-13 11:16:00,2026-05-14 17:30:06.973292,P2,Access Request,Access Management,24,30.24,Breached
INC00072,2026-08-25 01:04:00,2026-08-25 02:15:34.711606,P1,Access Request,Network Support,4,1.19,Met
INC00073,2026-07-23 06:24:00,2026-07-25 06:07:20.140188,P4,System Outage,Database Ops,120,47.72,Met
INC00074,2026-06-16 21:38:00,2026-06-19 12:18:07.998124,P3,Performance Issue,App Support,72,62.67,Met
INC00075,2026-07-19 17:27:00,2026-07-21 21:59:51.361036,P3,Access Request,Database Ops,72,52.55,Met
INC00076,2026-03-01 02:12:00,2026-03-02 09:53:37.107758,P3,System Outage,Network Support,72,31.69,Met
INC00077,2026-08-08 05:52:00,2026-08-08 08:30:52.624621,P2,Access Request,Network Support,24,2.65,Met
INC00078,2026-05-19 21:20:00,2026-05-20 09:02:58.859143,P3,Report Delay,Database Ops,72,11.72,Met
INC00079,2026-07-24 14:40:00,2026-07-26 08:42:18.177279,P4,Login Issue,Network Support,120,42.04,Met
INC00080,2026-03-03 15:22:00,2026-03-11 19:25:34.586017,P4,Data Discrepancy,Access Management,120,196.06,Breached
INC00081,2026-06-25 07:57:00,2026-06-25 19:48:34.010859,P2,Payment Failure,Access Management,24,11.86,Met
INC00082,2026-06-09 08:35:00,2026-06-11 10:30:38.988833,P3,Login Issue,Network Support,72,49.93,Met
INC00083,2026-08-04 12:45:00,2026-08-13 04:36:53.114228,P3,Report Delay,Access Management,72,207.86,Breached
INC00084,2026-07-31 01:09:00,2026-08-02 13:21:11.196135,P3,Access Request,Network Support,72,60.2,Met
INC00085,2026-04-02 21:00:00,2026-04-03 00:44:59.901260,P1,Report Delay,Network Support,4,3.75,Met
INC00086,2026-05-25 16:12:00,2026-05-26 07:57:20.989796,P4,Performance Issue,Network Support,120,15.76,Met
INC00087,2026-04-24 05:27:00,2026-04-24 09:14:56.544321,P1,Data Discrepancy,Database Ops,4,3.8,Met
INC00088,2026-04-22 04:09:00,2026-04-23 02:29:15.733776,P3,Data Discrepancy,Network Support,72,22.34,Met
INC00089,2026-04-20 12:12:00,2026-04-21 08:30:56.525820,P2,Payment Failure,Access Management,24,20.32,Met
INC00090,2026-04-08 01:53:00,2026-04-08 14:53:40.807522,P2,System Outage,Network Support,24,13.01,Met
INC00091,2026-07-11 16:47:00,2026-07-13 01:43:12.442755,P3,Access Request,Network Support,72,32.94,Met
INC00092,2026-05-14 18:38:00,2026-05-15 02:43:24.480740,P3,Data Discrepancy,App Support,72,8.09,Met
INC00093,2026-03-30 14:26:00,2026-04-07 01:00:16.010640,P3,Login Issue,App Support,72,178.57,Breached
INC00094,2026-05-18 22:41:00,2026-05-21 15:59:38.383804,P3,System Outage,App Support,72,65.31,Met
INC00095,2026-05-13 16:59:00,2026-05-14 09:39:40.257024,P4,Data Discrepancy,Network Support,120,16.68,Met
INC00096,2026-07-04 10:42:00,2026-07-04 22:32:34.208449,P3,Login Issue,Database Ops,72,11.84,Met
INC00097,2026-06-03 10:53:00,2026-06-03 16:57:24.140481,P2,System Outage,Access Management,24,6.07,Met
INC00098,2026-06-04 02:26:00,2026-06-04 20:10:45.514023,P3,Payment Failure,Database Ops,72,17.75,Met
INC00099,2026-03-05 17:27:00,2026-03-05 17:57:29.289301,P1,Data Discrepancy,Network Support,4,0.51,Met
INC00100,2026-03-12 13:33:00,2026-03-13 16:57:07.524772,P3,Report Delay,Network Support,72,27.4,Met
INC00101,2026-04-16 21:46:00,2026-04-17 03:22:08.441019,P2,Access Request,Network Support,24,5.6,Met
INC00102,2026-03-01 07:48:00,2026-03-02 06:19:10.713776,P2,Performance Issue,Database Ops,24,22.52,Met
INC00103,2026-03-14 22:13:00,2026-03-18 14:27:31.328483,P4,Data Discrepancy,Database Ops,120,88.24,Met
INC00104,2026-03-07 02:46:00,2026-03-07 20:27:31.816079,P2,System Outage,Network Support,24,17.69,Met
INC00105,2026-04-07 02:50:00,2026-04-08 18:17:46.114405,P4,Access Request,Access Management,120,39.46,Met
INC00106,2026-03-17 06:21:00,2026-03-17 07:09:25.888493,P1,Login Issue,Network Support,4,0.81,Met
INC00107,2026-05-07 09:02:00,2026-05-08 21:35:01.528658,P3,System Outage,Database Ops,72,36.55,Met
INC00108,2026-06-19 07:39:00,2026-06-20 08:39:47.487187,P4,Login Issue,Network Support,120,25.01,Met
INC00109,2026-03-26 01:58:00,2026-03-28 21:32:29.039614,P3,Access Request,Network Support,72,67.57,Met
INC00110,2026-07-28 20:05:00,2026-07-29 08:26:04.751771,P2,Data Discrepancy,Database Ops,24,12.35,Met
INC00111,2026-06-02 23:54:00,2026-06-03 03:21:12.109495,P2,Performance Issue,Access Management,24,3.45,Met
INC00112,2026-07-30 05:01:00,2026-08-03 14:35:27.669125,P4,Performance Issue,App Support,120,105.57,Met
INC00113,2026-06-02 23:37:00,2026-06-07 10:24:46.863208,P4,Performance Issue,Database Ops,120,106.8,Met
INC00114,2026-08-26 12:43:00,2026-08-29 07:09:28.452732,P3,System Outage,Database Ops,72,66.44,Met
INC00115,2026-03-20 16:11:00,2026-03-22 22:25:39.386167,P2,Data Discrepancy,Network Support,24,54.24,Breached
INC00116,2026-06-08 12:42:00,2026-06-09 18:29:48.859686,P3,Payment Failure,Network Support,72,29.8,Met
INC00117,2026-08-19 01:12:00,2026-08-19 01:53:55.505682,P1,Performance Issue,Network Support,4,0.7,Met
INC00118,2026-03-09 10:14:00,2026-03-09 12:02:00.932789,P1,Data Discrepancy,Database Ops,4,1.8,Met
INC00119,2026-05-01 11:49:00,2026-05-05 02:21:54.536895,P4,Login Issue,App Support,120,86.55,Met
INC00120,2026-04-04 00:39:00,2026-04-04 04:01:52.070653,P2,Access Request,Access Management,24,3.38,Met
INC00121,2026-03-14 02:20:00,2026-03-15 14:22:26.009155,P4,Data Discrepancy,App Support,120,36.04,Met
INC00122,2026-05-28 12:41:00,2026-06-01 11:58:35.314174,P4,Performance Issue,Access Management,120,95.29,Met
INC00123,2026-08-26 05:32:00,2026-08-27 19:29:59.356345,P3,Login Issue,Network Support,72,37.97,Met
INC00124,2026-04-22 07:39:00,2026-04-23 07:34:24.960548,P4,Data Discrepancy,Database Ops,120,23.92,Met
INC00125,2026-04-11 19:14:00,2026-04-13 08:45:11.733369,P3,Data Discrepancy,Database Ops,72,37.52,Met
INC00126,2026-08-04 05:56:00,2026-08-05 04:20:27.127284,P3,Performance Issue,Network Support,72,22.41,Met
INC00127,2026-05-25 01:09:00,2026-05-25 04:06:56.735972,P1,Data Discrepancy,App Support,4,2.97,Met
INC00128,2026-04-16 03:44:00,2026-04-17 11:14:50.335856,P3,Access Request,Access Management,72,31.51,Met
INC00129,2026-04-16 03:11:00,2026-04-16 05:49:56.193631,P2,Report Delay,Database Ops,24,2.65,Met
INC00130,2026-03-26 10:26:00,2026-03-27 04:44:49.608966,P3,Payment Failure,Access Management,72,18.31,Met
INC00131,2026-03-23 14:25:00,2026-03-24 07:00:06.381135,P3,Access Request,Access Management,72,16.59,Met
INC00132,2026-06-19 07:59:00,2026-06-19 21:26:19.494182,P3,System Outage,Network Support,72,13.46,Met
INC00133,2026-05-11 09:48:00,2026-05-14 11:41:05.765032,P4,Data Discrepancy,Database Ops,120,73.88,Met
INC00134,2026-04-09 08:21:00,2026-04-10 08:52:36.119094,P4,Access Request,Network Support,120,24.53,Met
INC00135,2026-08-11 21:22:00,2026-08-12 17:30:45.188830,P2,Performance Issue,Database Ops,24,20.15,Met
INC00136,2026-07-27 14:08:00,2026-07-28 09:54:53.343381,P3,Login Issue,Network Support,72,19.78,Met
INC00137,2026-04-04 19:24:00,2026-04-07 11:05:06.598270,P3,Performance Issue,App Support,72,63.69,Met
INC00138,2026-05-30 16:42:00,2026-06-08 04:45:50.855479,P3,Data Discrepancy,Access Management,72,204.06,Breached
INC00139,2026-08-27 05:52:00,2026-08-28 11:14:42.623853,P3,Performance Issue,Database Ops,72,29.38,Met
INC00140,2026-08-03 17:20:00,2026-08-06 12:14:11.262671,P3,Login Issue,Network Support,72,66.9,Met
INC00141,2026-05-25 07:48:00,2026-05-26 09:58:05.303596,P3,Data Discrepancy,Database Ops,72,26.17,Met
INC00142,2026-05-01 16:44:00,2026-05-04 03:07:51.959665,P3,Report Delay,App Support,72,58.4,Met
INC00143,2026-06-23 14:49:00,2026-06-24 02:12:29.616135,P2,Payment Failure,App Support,24,11.39,Met
INC00144,2026-05-02 03:00:00,2026-05-02 14:49:14.901113,P3,Report Delay,Access Management,72,11.82,Met
INC00145,2026-06-18 01:59:00,2026-06-19 00:21:12.724632,P2,Payment Failure,Database Ops,24,22.37,Met
INC00146,2026-05-04 22:02:00,2026-05-08 06:33:59.015449,P4,Access Request,Access Management,120,80.53,Met
INC00147,2026-05-06 18:32:00,2026-05-07 11:38:16.513793,P2,Report Delay,Access Management,24,17.1,Met
INC00148,2026-04-01 23:45:00,2026-04-04 04:15:45.792076,P4,Access Request,App Support,120,52.51,Met
INC00149,2026-04-24 15:17:00,2026-04-25 21:34:57.080425,P2,Performance Issue,Network Support,24,30.3,Breached
INC00150,2026-07-03 18:35:00,2026-07-03 21:22:36.300694,P1,Login Issue,Database Ops,4,2.79,Met
INC00151,2026-03-11 09:01:00,2026-03-11 18:18:41.137376,P3,System Outage,Network Support,72,9.29,Met
INC00152,2026-07-15 01:52:00,2026-07-17 19:06:43.232590,P3,Data Discrepancy,Access Management,72,65.25,Met
INC00153,2026-08-05 23:58:00,2026-08-06 18:41:01.369997,P2,Login Issue,App Support,24,18.72,Met
INC00154,2026-03-14 08:39:00,2026-03-14 10:25:07.212534,P1,Login Issue,App Support,4,1.77,Met
INC00155,2026-03-04 12:33:00,2026-03-04 20:52:31.833857,P3,Payment Failure,Access Management,72,8.33,Met
INC00156,2026-06-08 08:37:00,2026-06-10 05:29:45.526131,P2,Data Discrepancy,App Support,24,44.88,Breached
INC00157,2026-06-25 09:21:00,2026-06-29 17:09:06.845287,P4,Data Discrepancy,Database Ops,120,103.8,Met
INC00158,2026-03-12 12:56:00,2026-03-14 07:13:08.217400,P3,Login Issue,App Support,72,42.29,Met
INC00159,2026-06-30 13:01:00,2026-07-02 17:23:03.566371,P3,Report Delay,Network Support,72,52.37,Met
INC00160,2026-03-26 20:10:00,2026-03-28 01:08:01.812892,P3,Login Issue,Database Ops,72,28.97,Met
INC00161,2026-04-23 01:54:00,2026-04-23 23:24:40.776056,P2,Access Request,Access Management,24,21.51,Met
INC00162,2026-04-05 14:19:00,2026-04-06 09:53:01.938253,P2,Login Issue,App Support,24,19.57,Met
INC00163,2026-08-01 01:52:00,2026-08-03 01:43:25.547168,P4,Login Issue,Network Support,120,47.86,Met
INC00164,2026-06-12 09:24:00,2026-06-16 08:56:54.371050,P4,Access Request,Access Management,120,95.55,Met
INC00165,2026-06-10 01:11:00,2026-06-10 22:31:28.937326,P4,Report Delay,Network Support,120,21.34,Met
INC00166,2026-05-13 22:48:00,2026-05-14 12:15:17.205575,P2,Report Delay,Access Management,24,13.45,Met
INC00167,2026-05-20 22:36:00,2026-05-23 09:46:14.785953,P3,Login Issue,App Support,72,59.17,Met
INC00168,2026-07-21 08:44:00,2026-07-21 18:38:10.529236,P3,Performance Issue,Network Support,72,9.9,Met
INC00169,2026-05-25 06:13:00,2026-05-27 17:57:04.845907,P2,Report Delay,Access Management,24,59.73,Breached
INC00170,2026-04-28 22:28:00,2026-04-29 18:27:08.412289,P2,Performance Issue,Database Ops,24,19.99,Met
INC00171,2026-06-11 16:13:00,2026-06-12 13:29:35.547031,P3,System Outage,Network Support,72,21.28,Met
INC00172,2026-04-06 10:39:00,2026-04-06 12:25:30.901904,P1,Performance Issue,Database Ops,4,1.78,Met
INC00173,2026-03-04 21:24:00,2026-03-07 14:27:25.729947,P4,Access Request,App Support,120,65.06,Met
INC00174,2026-04-24 02:41:00,2026-04-24 14:42:27.218657,P4,Access Request,Network Support,120,12.02,Met
INC00175,2026-06-04 02:58:00,2026-06-05 07:37:48.827180,P3,Data Discrepancy,Network Support,72,28.66,Met
INC00176,2026-03-16 23:43:00,2026-03-19 05:56:05.998543,P3,Login Issue,Database Ops,72,54.22,Met
INC00177,2026-07-11 00:29:00,2026-07-16 23:36:41.206304,P3,Data Discrepancy,App Support,72,143.13,Breached
INC00178,2026-04-06 15:00:00,2026-04-06 18:19:12.193735,P2,Performance Issue,Network Support,24,3.32,Met
INC00179,2026-07-18 04:36:00,2026-07-23 20:55:30.180459,P3,Performance Issue,App Support,72,136.33,Breached
INC00180,2026-05-01 12:33:00,2026-05-04 08:24:34.271710,P3,Report Delay,Access Management,72,67.86,Met
INC00181,2026-05-02 21:52:00,2026-05-03 22:08:28.393419,P4,Report Delay,App Support,120,24.27,Met
INC00182,2026-08-16 16:57:00,2026-08-17 21:34:39.597100,P3,Access Request,App Support,72,28.63,Met
INC00183,2026-08-24 08:34:00,2026-08-27 02:07:11.567116,P4,Report Delay,App Support,120,65.55,Met
INC00184,2026-05-21 16:23:00,2026-05-23 03:56:32.046447,P3,Access Request,Access Management,72,35.56,Met
INC00185,2026-05-28 08:03:00,2026-05-29 05:22:53.966692,P4,Login Issue,Access Management,120,21.33,Met
INC00186,2026-03-29 08:02:00,2026-03-30 04:01:14.652212,P2,Login Issue,Database Ops,24,19.99,Met
INC00187,2026-03-05 10:58:00,2026-03-07 00:44:12.747302,P4,Data Discrepancy,Access Management,120,37.77,Met
INC00188,2026-08-23 17:05:00,2026-08-24 16:14:56.965412,P4,System Outage,Network Support,120,23.17,Met
INC00189,2026-06-22 07:44:00,2026-06-25 08:09:32.138527,P4,Payment Failure,Database Ops,120,72.43,Met
INC00190,2026-06-06 07:26:00,2026-06-08 11:32:55.033344,P3,Report Delay,Access Management,72,52.12,Met
INC00191,2026-06-05 15:40:00,2026-06-07 04:00:46.979494,P4,Access Request,App Support,120,36.35,Met
INC00192,2026-08-02 05:59:00,2026-08-03 02:21:11.148556,P2,Payment Failure,Network Support,24,20.37,Met
INC00193,2026-03-23 09:09:00,2026-03-23 10:19:38.371977,P1,Performance Issue,Database Ops,4,1.18,Met
INC00194,2026-03-02 13:12:00,2026-03-02 13:37:18.163070,P1,Access Request,App Support,4,0.42,Met
INC00195,2026-03-17 07:30:00,2026-03-17 15:15:18.832193,P3,Access Request,Database Ops,72,7.76,Met
INC00196,2026-08-05 06:09:00,2026-08-06 01:41:18.523161,P2,System Outage,Access Management,24,19.54,Met
INC00197,2026-04-06 21:03:00,2026-04-07 15:10:31.525731,P2,System Outage,Database Ops,24,18.13,Met
INC00198,2026-03-12 21:16:00,2026-03-13 06:43:21.651703,P2,Payment Failure,Access Management,24,9.46,Met
INC00199,2026-04-19 13:46:00,2026-04-19 16:42:55.738421,P1,Report Delay,Access Management,4,2.95,Met
INC00200,2026-03-07 10:32:00,2026-03-10 00:22:29.779517,P4,Report Delay,Database Ops,120,61.84,Met
INC00201,2026-03-26 01:45:00,2026-03-30 14:04:08.294757,P4,Report Delay,Network Support,120,108.32,Met
INC00202,2026-03-15 22:28:00,2026-03-17 08:59:06.601816,P4,Payment Failure,Database Ops,120,34.52,Met
INC00203,2026-03-22 10:26:00,2026-03-27 00:41:00.499143,P4,System Outage,Network Support,120,110.25,Met
INC00204,2026-06-09 19:05:00,2026-06-12 04:11:52.105546,P4,Report Delay,Network Support,120,57.11,Met
INC00205,2026-08-13 14:33:00,2026-08-13 23:39:19.461141,P3,Login Issue,Access Management,72,9.11,Met
INC00206,2026-03-15 11:15:00,2026-03-16 04:11:45.021058,P3,Login Issue,Network Support,72,16.95,Met
INC00207,2026-03-08 14:26:00,2026-03-09 08:21:29.601895,P2,Report Delay,Network Support,24,17.92,Met
INC00208,2026-08-28 23:59:00,2026-08-29 06:10:00.099756,P2,Performance Issue,Network Support,24,6.18,Met
INC00209,2026-03-17 11:19:00,2026-03-17 12:23:54.422655,P1,Login Issue,Access Management,4,1.08,Met
INC00210,2026-06-25 01:23:00,2026-06-25 05:07:48.461227,P1,Login Issue,Access Management,4,3.75,Met
INC00211,2026-05-03 17:45:00,2026-05-05 21:07:46.282185,P3,Report Delay,Network Support,72,51.38,Met
INC00212,2026-06-10 08:07:00,2026-06-14 00:31:52.153878,P4,Login Issue,Network Support,120,88.41,Met
INC00213,2026-04-15 14:15:00,2026-04-15 20:56:28.073149,P2,Login Issue,App Support,24,6.69,Met
INC00214,2026-06-05 01:32:00,2026-06-07 01:17:50.209140,P4,Login Issue,Network Support,120,47.76,Met
INC00215,2026-07-28 06:01:00,2026-07-28 07:05:58.515260,P1,Payment Failure,App Support,4,1.08,Met
INC00216,2026-06-14 22:43:00,2026-06-18 03:37:57.187632,P4,Report Delay,Database Ops,120,76.92,Met
INC00217,2026-03-06 08:38:00,2026-03-06 10:02:57.751249,P1,System Outage,Access Management,4,1.42,Met
INC00218,2026-05-31 19:46:00,2026-06-01 15:56:18.171592,P4,System Outage,Access Management,120,20.17,Met
INC00219,2026-04-27 21:25:00,2026-04-28 07:06:38.944654,P3,System Outage,App Support,72,9.69,Met
INC00220,2026-03-12 22:11:00,2026-03-15 10:44:11.355392,P3,Payment Failure,Database Ops,72,60.55,Met
INC00221,2026-06-08 12:07:00,2026-06-10 20:20:58.238629,P4,Report Delay,Access Management,120,56.23,Met
INC00222,2026-07-24 18:21:00,2026-07-26 10:44:58.893022,P3,Report Delay,Database Ops,72,40.4,Met
INC00223,2026-04-04 21:14:00,2026-04-05 09:04:15.029943,P2,Data Discrepancy,Network Support,24,11.84,Met
INC00224,2026-03-24 19:36:00,2026-03-26 21:26:45.433768,P4,System Outage,Access Management,120,49.85,Met
INC00225,2026-08-24 18:31:00,2026-08-24 19:00:59.788016,P1,Payment Failure,Access Management,4,0.5,Met
INC00226,2026-05-18 01:35:00,2026-05-19 01:43:30.700287,P3,Report Delay,App Support,72,24.14,Met
INC00227,2026-03-12 02:44:00,2026-03-16 04:00:18.489020,P4,Login Issue,Database Ops,120,97.27,Met
INC00228,2026-06-08 15:29:00,2026-06-10 03:42:45.908912,P4,Data Discrepancy,App Support,120,36.23,Met
INC00229,2026-05-08 05:44:00,2026-05-08 10:07:12.570749,P2,Access Request,Database Ops,24,4.39,Met
INC00230,2026-05-23 01:38:00,2026-05-24 08:46:03.084155,P3,Login Issue,Access Management,72,31.13,Met
INC00231,2026-03-05 00:39:00,2026-03-05 11:08:30.693975,P2,Performance Issue,Database Ops,24,10.49,Met
INC00232,2026-03-10 02:53:00,2026-03-10 15:53:12.198782,P2,Payment Failure,Access Management,24,13.0,Met
INC00233,2026-03-01 04:19:00,2026-03-05 17:04:19.807901,P4,Login Issue,Access Management,120,108.76,Met
INC00234,2026-03-28 10:36:00,2026-03-30 02:27:03.347382,P3,Login Issue,Network Support,72,39.85,Met
INC00235,2026-04-25 14:14:00,2026-04-28 09:18:13.424265,P4,System Outage,App Support,120,67.07,Met
INC00236,2026-04-06 19:25:00,2026-04-13 11:15:27.817419,P4,Data Discrepancy,Network Support,120,159.84,Breached
INC00237,2026-05-08 00:48:00,2026-05-11 10:59:49.928346,P4,System Outage,Network Support,120,82.2,Met
INC00238,2026-04-12 01:24:00,2026-04-14 13:42:59.758649,P3,Performance Issue,Access Management,72,60.32,Met
INC00239,2026-08-25 22:43:00,2026-08-26 13:36:43.369881,P3,Data Discrepancy,Network Support,72,14.9,Met
INC00240,2026-08-25 09:59:00,2026-08-26 08:10:10.340666,P2,Login Issue,Database Ops,24,22.19,Met
INC00241,2026-06-04 05:04:00,2026-06-05 19:06:28.555880,P4,Login Issue,Database Ops,120,38.04,Met
INC00242,2026-08-18 09:29:00,2026-08-21 12:30:13.506602,P4,Performance Issue,Access Management,120,75.02,Met
INC00243,2026-05-11 13:03:00,2026-05-12 23:02:55.915960,P4,Data Discrepancy,Network Support,120,34.0,Met
INC00244,2026-06-13 01:49:00,2026-06-14 22:15:50.562489,P4,Login Issue,Network Support,120,44.45,Met
INC00245,2026-03-13 08:52:00,2026-03-17 00:11:18.549637,P4,System Outage,App Support,120,87.32,Met
INC00246,2026-07-10 05:18:00,2026-07-12 11:09:06.660894,P3,Login Issue,Database Ops,72,53.85,Met
INC00247,2026-05-14 00:23:00,2026-05-15 23:18:24.128826,P3,Access Request,Database Ops,72,46.92,Met
INC00248,2026-07-21 20:18:00,2026-07-23 06:57:36.178936,P3,Login Issue,Access Management,72,34.66,Met
INC00249,2026-08-19 05:25:00,2026-08-19 22:55:31.666935,P3,Data Discrepancy,App Support,72,17.51,Met
INC00250,2026-03-09 02:20:00,2026-03-11 19:16:46.831502,P4,Data Discrepancy,Access Management,120,64.95,Met
INC00251,2026-08-01 11:04:00,2026-08-01 13:26:21.309799,P1,System Outage,Access Management,4,2.37,Met
INC00252,2026-08-23 22:05:00,2026-08-26 01:04:16.956652,P3,Report Delay,Network Support,72,50.99,Met
INC00253,2026-06-15 22:15:00,2026-06-20 05:50:56.817574,P4,Login Issue,Access Management,120,103.6,Met
INC00254,2026-03-15 03:20:00,2026-03-16 11:10:41.816274,P4,Data Discrepancy,Network Support,120,31.84,Met
INC00255,2026-06-25 19:45:00,2026-06-28 04:05:42.665810,P3,Report Delay,Access Management,72,56.35,Met
INC00256,2026-08-11 17:01:00,2026-08-13 01:31:33.138048,P3,Login Issue,App Support,72,32.51,Met
INC00257,2026-06-03 11:09:00,2026-06-03 17:18:55.931913,P2,Performance Issue,Access Management,24,6.17,Met
INC00258,2026-04-11 23:35:00,2026-04-12 20:27:40.707062,P4,Data Discrepancy,Network Support,120,20.88,Met
INC00259,2026-08-20 09:46:00,2026-08-22 05:47:07.116215,P3,Data Discrepancy,Network Support,72,44.02,Met
INC00260,2026-07-15 08:14:00,2026-07-17 14:09:29.654113,P4,Access Request,App Support,120,53.92,Met
INC00261,2026-04-18 04:03:00,2026-04-22 03:57:23.977758,P4,System Outage,Database Ops,120,95.91,Met
INC00262,2026-07-24 18:35:00,2026-07-27 01:49:32.535302,P4,Access Request,Database Ops,120,55.24,Met
INC00263,2026-06-16 01:32:00,2026-06-16 05:53:09.276957,P2,Access Request,Database Ops,24,4.35,Met
INC00264,2026-08-07 10:09:00,2026-08-08 01:26:35.217293,P2,Login Issue,App Support,24,15.29,Met
INC00265,2026-05-03 02:06:00,2026-05-03 12:44:53.170330,P2,Data Discrepancy,Network Support,24,10.65,Met
INC00266,2026-03-24 13:18:00,2026-03-26 11:41:49.803148,P4,Performance Issue,Network Support,120,46.4,Met
INC00267,2026-06-05 03:02:00,2026-06-05 04:40:51.542409,P1,Data Discrepancy,Network Support,4,1.65,Met
INC00268,2026-03-13 16:59:00,2026-03-21 13:40:19.572972,P3,Report Delay,Access Management,72,188.69,Breached
INC00269,2026-04-19 02:53:00,2026-04-20 14:02:35.096640,P3,Data Discrepancy,App Support,72,35.16,Met
INC00270,2026-08-19 01:37:00,2026-08-19 04:30:03.162245,P1,Data Discrepancy,Access Management,4,2.88,Met
INC00271,2026-04-13 03:04:00,2026-04-13 12:42:38.533813,P1,Login Issue,Database Ops,4,9.64,Breached
INC00272,2026-08-05 22:15:00,2026-08-10 22:36:24.138802,P3,System Outage,Database Ops,72,120.36,Breached
INC00273,2026-03-23 18:39:00,2026-04-05 06:43:37.528686,P4,System Outage,Network Support,120,300.08,Breached
INC00274,2026-07-27 19:05:00,2026-07-31 15:26:57.610101,P4,Login Issue,Network Support,120,92.37,Met
INC00275,2026-04-07 19:33:00,2026-04-08 19:33:00.723255,P4,Performance Issue,App Support,120,24.0,Met
INC00276,2026-06-13 20:01:00,2026-06-15 13:06:33.709674,P3,Report Delay,Database Ops,72,41.09,Met
INC00277,2026-07-29 03:17:00,2026-07-31 18:45:00.439539,P3,Report Delay,Database Ops,72,63.47,Met
INC00278,2026-06-09 19:41:00,2026-06-12 00:11:44.047072,P4,Data Discrepancy,App Support,120,52.51,Met
INC00279,2026-08-05 23:41:00,2026-08-08 08:12:21.484154,P3,Performance Issue,Access Management,72,56.52,Met
INC00280,2026-07-21 20:34:00,2026-07-25 07:27:06.039845,P4,Payment Failure,App Support,120,82.89,Met
INC00281,2026-03-10 01:24:00,2026-03-11 21:24:00.808206,P4,Performance Issue,App Support,120,44.0,Met
INC00282,2026-05-19 21:45:00,2026-05-20 10:24:08.452655,P2,Login Issue,App Support,24,12.65,Met
INC00283,2026-06-25 01:07:00,2026-06-25 13:50:28.538828,P2,Performance Issue,Access Management,24,12.72,Met
INC00284,2026-03-12 12:30:00,2026-03-12 14:23:39.623069,P1,System Outage,Database Ops,4,1.89,Met
INC00285,2026-06-01 10:01:00,2026-06-02 02:31:14.115641,P3,Report Delay,Network Support,72,16.5,Met
INC00286,2026-03-10 01:10:00,2026-03-13 04:21:19.574317,P4,Performance Issue,Network Support,120,75.19,Met
INC00287,2026-07-15 02:20:00,2026-07-16 04:05:37.580512,P3,Report Delay,Database Ops,72,25.76,Met
INC00288,2026-06-05 03:03:00,2026-06-09 02:04:29.882963,P4,Performance Issue,Access Management,120,95.02,Met
INC00289,2026-04-21 03:59:00,2026-04-23 07:30:41.624919,P3,Access Request,Access Management,72,51.53,Met
INC00290,2026-03-07 21:13:00,2026-03-09 04:06:21.192477,P3,Access Request,App Support,72,30.89,Met
INC00291,2026-05-01 20:53:00,2026-05-02 11:09:32.965995,P2,Performance Issue,App Support,24,14.28,Met
INC00292,2026-07-11 00:12:00,2026-07-12 13:35:55.631280,P2,Access Request,Network Support,24,37.4,Breached
INC00293,2026-08-20 03:16:00,2026-08-22 23:09:30.724351,P4,Performance Issue,Network Support,120,67.89,Met
INC00294,2026-08-30 20:25:00,2026-09-04 00:36:43.295994,P4,System Outage,App Support,120,100.2,Met
INC00295,2026-08-27 05:41:00,2026-08-29 19:28:44.098667,P3,Login Issue,Access Management,72,61.8,Met
INC00296,2026-07-15 08:00:00,2026-07-16 03:47:40.270786,P4,Login Issue,App Support,120,19.79,Met
INC00297,2026-03-21 10:54:00,2026-03-25 18:12:07.234387,P4,Login Issue,Database Ops,120,103.3,Met
INC00298,2026-05-26 23:44:00,2026-05-30 14:57:05.679875,P4,Login Issue,Database Ops,120,87.22,Met
INC00299,2026-05-16 07:56:00,2026-05-19 15:09:17.848160,P4,Report Delay,Access Management,120,79.22,Met
INC00300,2026-03-17 04:19:00,2026-03-17 13:55:22.783440,P2,Data Discrepancy,Access Management,24,9.61,Met
INC00301,2026-07-21 18:06:00,2026-07-22 23:00:58.648492,P3,Payment Failure,Network Support,72,28.92,Met
INC00302,2026-06-04 07:09:00,2026-06-08 01:35:27.902799,P3,System Outage,Network Support,72,90.44,Breached
INC00303,2026-06-12 08:01:00,2026-06-12 10:37:45.810244,P2,System Outage,App Support,24,2.61,Met
INC00304,2026-06-13 08:24:00,2026-06-13 11:39:20.897849,P2,Payment Failure,App Support,24,3.26,Met
INC00305,2026-07-18 07:01:00,2026-07-21 06:25:25.600094,P4,Performance Issue,Access Management,120,71.41,Met
INC00306,2026-07-02 01:10:00,2026-07-08 14:25:51.175357,P4,Payment Failure,Database Ops,120,157.26,Breached
INC00307,2026-04-28 13:59:00,2026-04-28 19:43:20.938380,P2,System Outage,App Support,24,5.74,Met
INC00308,2026-08-19 18:45:00,2026-09-03 17:01:14.560722,P4,Payment Failure,Access Management,120,358.27,Breached
INC00309,2026-04-08 16:11:00,2026-04-09 14:49:13.741565,P3,Access Request,App Support,72,22.64,Met
INC00310,2026-07-14 13:39:00,2026-07-15 07:54:08.601870,P3,Report Delay,Access Management,72,18.25,Met
INC00311,2026-05-28 21:27:00,2026-06-02 03:11:48.000450,P3,Access Request,Network Support,72,101.75,Breached
INC00312,2026-03-27 17:30:00,2026-03-28 20:52:08.266751,P4,System Outage,Network Support,120,27.37,Met
INC00313,2026-08-12 00:55:00,2026-08-12 14:35:58.654591,P3,Performance Issue,Network Support,72,13.68,Met
INC00314,2026-06-16 14:24:00,2026-06-16 20:03:55.660871,P2,Payment Failure,App Support,24,5.67,Met
INC00315,2026-07-07 11:04:00,2026-07-07 12:24:41.521670,P1,Report Delay,Access Management,4,1.34,Met
INC00316,2026-06-06 10:24:00,2026-06-10 01:10:23.779902,P4,Performance Issue,Database Ops,120,86.77,Met
INC00317,2026-08-16 15:12:00,2026-08-17 04:17:34.249498,P2,Payment Failure,App Support,24,13.09,Met
INC00318,2026-03-12 16:13:00,2026-03-17 05:56:24.581900,P4,Login Issue,Access Management,120,109.72,Met
INC00319,2026-05-09 23:18:00,2026-05-11 05:02:25.955761,P3,Access Request,Access Management,72,29.74,Met
INC00320,2026-03-24 21:34:00,2026-03-28 05:11:49.024053,P4,Data Discrepancy,Access Management,120,79.63,Met
INC00321,2026-04-07 13:03:00,2026-04-07 23:21:30.748798,P2,Login Issue,Database Ops,24,10.31,Met
INC00322,2026-03-14 02:23:00,2026-03-15 13:22:41.111006,P4,System Outage,Access Management,120,34.99,Met
INC00323,2026-03-24 01:29:00,2026-03-24 02:48:02.605614,P1,System Outage,Database Ops,4,1.32,Met
INC00324,2026-06-18 18:21:00,2026-06-20 23:12:02.242006,P3,Payment Failure,App Support,72,52.85,Met
INC00325,2026-06-08 18:47:00,2026-06-08 23:40:47.349058,P2,Login Issue,Database Ops,24,4.9,Met
INC00326,2026-05-02 19:48:00,2026-05-03 13:12:27.099110,P2,Report Delay,Network Support,24,17.41,Met
INC00327,2026-04-14 00:16:00,2026-04-16 14:52:32.296246,P4,Performance Issue,Database Ops,120,62.61,Met
INC00328,2026-04-16 13:59:00,2026-04-19 12:18:51.497995,P4,Access Request,Network Support,120,70.33,Met
INC00329,2026-07-16 17:02:00,2026-07-20 03:32:33.959881,P3,Data Discrepancy,App Support,72,82.51,Breached
INC00330,2026-05-20 12:50:00,2026-05-20 20:31:22.753971,P2,Data Discrepancy,App Support,24,7.69,Met
INC00331,2026-06-01 04:19:00,2026-06-03 15:03:06.224810,P4,Access Request,Access Management,120,58.74,Met
INC00332,2026-03-04 06:38:00,2026-03-04 17:56:42.315600,P2,Login Issue,Access Management,24,11.31,Met
INC00333,2026-08-29 13:59:00,2026-08-31 18:39:52.590107,P4,System Outage,Access Management,120,52.68,Met
INC00334,2026-08-05 23:43:00,2026-08-09 11:52:50.928385,P3,Performance Issue,Database Ops,72,84.16,Breached
INC00335,2026-03-14 23:09:00,2026-03-15 17:02:30.208392,P2,Payment Failure,Network Support,24,17.89,Met
INC00336,2026-04-13 08:44:00,2026-04-14 01:28:35.015341,P4,Payment Failure,App Support,120,16.74,Met
INC00337,2026-03-21 03:49:00,2026-03-22 08:16:26.681641,P3,Performance Issue,Database Ops,72,28.46,Met
INC00338,2026-07-26 23:14:00,2026-07-27 00:58:15.801642,P1,Payment Failure,Access Management,4,1.74,Met
INC00339,2026-07-20 04:57:00,2026-07-21 07:44:11.174578,P4,Performance Issue,App Support,120,26.79,Met
INC00340,2026-04-18 18:50:00,2026-04-19 09:38:50.242907,P2,Login Issue,Network Support,24,14.81,Met
INC00341,2026-08-25 20:03:00,2026-08-26 00:15:44.427599,P2,Data Discrepancy,Database Ops,24,4.21,Met
INC00342,2026-07-30 01:27:00,2026-07-30 12:47:28.693494,P3,Data Discrepancy,Network Support,72,11.34,Met
INC00343,2026-06-06 00:09:00,2026-06-08 17:13:36.215747,P3,Login Issue,App Support,72,65.08,Met
INC00344,2026-07-22 15:50:00,2026-07-23 05:21:36.516489,P2,Performance Issue,Access Management,24,13.53,Met
INC00345,2026-04-28 09:34:00,2026-04-30 23:49:15.429211,P2,Performance Issue,Network Support,24,62.25,Breached
INC00346,2026-07-05 03:45:00,2026-07-05 06:30:57.930634,P2,Access Request,Database Ops,24,2.77,Met
INC00347,2026-05-31 13:26:00,2026-06-03 10:34:18.925275,P4,System Outage,App Support,120,69.14,Met
INC00348,2026-05-05 23:02:00,2026-05-07 15:12:06.780125,P3,System Outage,Database Ops,72,40.17,Met
INC00349,2026-08-27 22:24:00,2026-08-28 02:42:19.881462,P2,Access Request,Database Ops,24,4.31,Met
INC00350,2026-03-12 09:07:00,2026-03-13 03:41:27.228534,P2,System Outage,Network Support,24,18.57,Met
INC00351,2026-04-24 08:46:00,2026-04-26 22:51:37.771231,P3,Payment Failure,App Support,72,62.09,Met
INC00352,2026-03-12 01:06:00,2026-03-13 06:31:18.354295,P3,Report Delay,App Support,72,29.42,Met
INC00353,2026-08-08 00:54:00,2026-08-08 21:32:14.604303,P2,System Outage,Access Management,24,20.64,Met
INC00354,2026-03-04 05:45:00,2026-03-07 00:23:17.471038,P2,System Outage,Database Ops,24,66.64,Breached
INC00355,2026-03-16 00:44:00,2026-03-18 00:48:36.134136,P3,Access Request,App Support,72,48.08,Met
INC00356,2026-06-10 22:26:00,2026-06-11 02:43:52.158926,P2,System Outage,Network Support,24,4.3,Met
INC00357,2026-08-01 04:34:00,2026-08-05 08:06:02.613919,P4,System Outage,App Support,120,99.53,Met
INC00358,2026-04-29 11:56:00,2026-05-01 21:25:03.041304,P3,System Outage,Network Support,72,57.48,Met
INC00359,2026-07-09 11:27:00,2026-07-10 09:36:12.975754,P3,System Outage,Access Management,72,22.15,Met
INC00360,2026-08-08 20:34:00,2026-08-10 14:49:58.062125,P2,Performance Issue,App Support,24,42.27,Breached
INC00361,2026-03-23 15:21:00,2026-03-27 13:34:55.127505,P4,Data Discrepancy,Database Ops,120,94.23,Met
INC00362,2026-04-02 19:15:00,2026-04-04 12:00:37.199667,P2,System Outage,Database Ops,24,40.76,Breached
INC00363,2026-07-26 00:07:00,2026-07-27 06:01:53.126442,P2,Report Delay,Access Management,24,29.91,Breached
INC00364,2026-04-16 05:14:00,2026-04-16 20:37:07.130995,P4,Access Request,Network Support,120,15.39,Met
INC00365,2026-07-20 03:11:00,2026-07-24 01:32:15.822341,P4,System Outage,Network Support,120,94.35,Met
INC00366,2026-06-23 00:05:00,2026-06-25 21:14:53.799696,P4,Report Delay,App Support,120,69.16,Met
INC00367,2026-04-07 13:35:00,2026-04-08 04:40:07.948228,P3,Report Delay,App Support,72,15.09,Met
INC00368,2026-05-23 16:24:00,2026-05-24 07:10:18.665909,P4,Data Discrepancy,Database Ops,120,14.77,Met
INC00369,2026-05-22 13:50:00,2026-05-23 06:29:57.721149,P2,System Outage,Access Management,24,16.67,Met
INC00370,2026-05-02 08:58:00,2026-05-05 03:17:58.585619,P4,Report Delay,Database Ops,120,66.33,Met
INC00371,2026-06-28 05:52:00,2026-06-28 18:58:28.474473,P3,Data Discrepancy,Network Support,72,13.11,Met
INC00372,2026-06-28 19:24:00,2026-06-28 20:03:08.708285,P1,Login Issue,Database Ops,4,0.65,Met
INC00373,2026-04-10 03:58:00,2026-04-14 06:53:51.294676,P4,Login Issue,Network Support,120,98.93,Met
INC00374,2026-08-16 23:54:00,2026-08-19 10:23:41.689080,P3,Data Discrepancy,Access Management,72,58.49,Met
INC00375,2026-05-03 13:49:00,2026-05-05 13:20:12.339453,P3,System Outage,Network Support,72,47.52,Met
INC00376,2026-08-08 20:08:00,2026-08-10 20:17:18.201931,P3,Login Issue,App Support,72,48.16,Met
INC00377,2026-05-04 07:44:00,2026-05-05 04:07:06.433795,P4,Data Discrepancy,Access Management,120,20.39,Met
INC00378,2026-03-15 08:18:00,2026-03-16 18:38:05.484768,P3,Access Request,Database Ops,72,34.33,Met
INC00379,2026-08-04 18:03:00,2026-08-05 09:18:34.698364,P3,System Outage,App Support,72,15.26,Met
INC00380,2026-05-06 21:43:00,2026-05-09 22:58:59.071637,P4,Performance Issue,Network Support,120,73.27,Met
INC00381,2026-05-26 05:05:00,2026-05-26 12:27:43.561907,P3,Access Request,Access Management,72,7.38,Met
INC00382,2026-03-27 07:18:00,2026-03-30 01:57:28.082459,P3,Access Request,Network Support,72,66.66,Met
INC00383,2026-08-15 13:34:00,2026-08-17 01:47:35.224789,P3,Login Issue,Network Support,72,36.23,Met
INC00384,2026-04-18 13:48:00,2026-04-18 23:14:50.450586,P3,System Outage,Network Support,72,9.45,Met
INC00385,2026-05-24 20:48:00,2026-05-26 04:17:02.281350,P3,Data Discrepancy,App Support,72,31.48,Met
INC00386,2026-05-27 04:48:00,2026-05-27 09:31:20.291617,P2,Report Delay,Database Ops,24,4.72,Met
INC00387,2026-04-10 06:12:00,2026-04-10 16:08:42.138107,P3,Report Delay,Network Support,72,9.95,Met
INC00388,2026-04-14 00:39:00,2026-04-16 06:34:26.938838,P4,Access Request,Network Support,120,53.92,Met
INC00389,2026-08-08 12:25:00,2026-08-09 07:34:08.801870,P2,Login Issue,Database Ops,24,19.15,Met
INC00390,2026-08-05 12:46:00,2026-08-05 21:45:19.843593,P1,Payment Failure,App Support,4,8.99,Breached
INC00391,2026-08-08 03:17:00,2026-08-10 08:52:32.140536,P2,System Outage,Network Support,24,53.59,Breached
INC00392,2026-06-30 18:14:00,2026-06-30 20:02:11.145991,P1,Access Request,Network Support,4,1.8,Met
INC00393,2026-04-20 10:12:00,2026-04-27 08:25:04.580936,P3,Data Discrepancy,Network Support,72,166.22,Breached
INC00394,2026-03-28 02:19:00,2026-03-30 06:51:52.989060,P3,Access Request,App Support,72,52.55,Met
INC00395,2026-06-02 07:01:00,2026-06-11 19:14:25.720713,P4,Report Delay,Database Ops,120,228.22,Breached
INC00396,2026-04-14 14:25:00,2026-04-16 23:04:03.545821,P3,Performance Issue,Database Ops,72,56.65,Met
INC00397,2026-07-30 05:27:00,2026-08-01 16:46:57.661308,P3,System Outage,Database Ops,72,59.33,Met
INC00398,2026-05-12 20:37:00,2026-05-12 22:32:04.174881,P1,Payment Failure,Access Management,4,1.92,Met
INC00399,2026-08-03 11:14:00,2026-08-04 09:19:06.392398,P4,Report Delay,Access Management,120,22.09,Met
INC00400,2026-04-26 21:35:00,2026-04-26 23:46:15.946210,P1,Payment Failure,Access Management,4,2.19,Met
INC00401,2026-03-07 03:36:00,2026-03-07 13:03:21.240717,P2,System Outage,Database Ops,24,9.46,Met
INC00402,2026-07-24 02:42:00,2026-07-24 05:47:30.655973,P1,Report Delay,Network Support,4,3.09,Met
INC00403,2026-05-03 04:07:00,2026-05-03 10:57:42.029184,P2,System Outage,App Support,24,6.85,Met
INC00404,2026-07-10 16:44:00,2026-07-11 13:55:00.200045,P3,Report Delay,Database Ops,72,21.18,Met
INC00405,2026-03-04 13:53:00,2026-03-06 20:07:35.962373,P4,Report Delay,App Support,120,54.24,Met
INC00406,2026-07-03 14:52:00,2026-07-06 05:09:06.326882,P3,Access Request,Network Support,72,62.29,Met
INC00407,2026-06-09 02:22:00,2026-06-13 19:50:31.847707,P4,Login Issue,Network Support,120,113.48,Met
INC00408,2026-04-28 14:51:00,2026-05-01 13:30:57.031948,P2,Data Discrepancy,Access Management,24,70.67,Breached
INC00409,2026-04-18 12:33:00,2026-04-20 01:44:04.407072,P4,Performance Issue,Database Ops,120,37.18,Met
INC00410,2026-06-06 12:50:00,2026-06-08 03:05:20.583384,P3,Performance Issue,Access Management,72,38.26,Met
INC00411,2026-07-17 06:03:00,2026-07-17 20:17:29.540617,P2,Access Request,Database Ops,24,14.24,Met
INC00412,2026-06-06 10:35:00,2026-06-07 09:15:28.225681,P2,System Outage,App Support,24,22.67,Met
INC00413,2026-07-30 18:36:00,2026-07-31 10:51:23.867348,P3,Access Request,Network Support,72,16.26,Met
INC00414,2026-06-26 18:26:00,2026-06-30 08:05:30.996059,P4,Access Request,Database Ops,120,85.66,Met
INC00415,2026-07-27 21:10:00,2026-07-28 15:03:22.514246,P4,System Outage,Network Support,120,17.89,Met
INC00416,2026-03-12 05:16:00,2026-03-14 21:34:57.767209,P4,System Outage,Access Management,120,64.32,Met
INC00417,2026-05-09 22:57:00,2026-05-12 16:14:21.490193,P4,Data Discrepancy,Access Management,120,65.29,Met
INC00418,2026-08-02 10:56:00,2026-08-04 14:32:49.851177,P3,Access Request,App Support,72,51.61,Met
INC00419,2026-05-31 18:46:00,2026-06-02 13:03:59.898585,P3,Access Request,Database Ops,72,42.3,Met
INC00420,2026-05-12 07:51:00,2026-05-14 15:26:34.954826,P2,Login Issue,Access Management,24,55.59,Breached
INC00421,2026-05-02 05:02:00,2026-05-02 17:50:46.161992,P2,Data Discrepancy,Network Support,24,12.81,Met
INC00422,2026-06-22 21:28:00,2026-07-06 16:17:37.276197,P4,Payment Failure,App Support,120,330.83,Breached
INC00423,2026-03-21 15:11:00,2026-03-22 15:26:36.375090,P3,Data Discrepancy,Network Support,72,24.26,Met
INC00424,2026-08-10 18:49:00,2026-08-14 19:19:13.926758,P4,Performance Issue,App Support,120,96.5,Met
INC00425,2026-05-04 03:24:00,2026-05-04 04:02:04.921580,P1,Access Request,Access Management,4,0.63,Met
INC00426,2026-07-06 08:00:00,2026-07-09 10:35:15.430748,P4,Performance Issue,Network Support,120,74.59,Met
INC00427,2026-07-06 03:29:00,2026-07-14 13:16:57.529394,P4,Report Delay,App Support,120,201.8,Breached
INC00428,2026-08-20 01:44:00,2026-08-22 19:02:10.127276,P4,Payment Failure,Access Management,120,65.3,Met
INC00429,2026-08-09 09:59:00,2026-08-09 13:24:28.598282,P2,Payment Failure,App Support,24,3.42,Met
INC00430,2026-06-19 01:38:00,2026-06-20 02:44:06.924865,P3,Data Discrepancy,Database Ops,72,25.1,Met
INC00431,2026-04-22 06:00:00,2026-04-23 16:21:57.398818,P4,Access Request,Network Support,120,34.37,Met
INC00432,2026-03-19 21:30:00,2026-03-20 10:09:46.485345,P2,Data Discrepancy,App Support,24,12.66,Met
INC00433,2026-04-23 19:19:00,2026-04-24 17:19:22.387807,P3,System Outage,App Support,72,22.01,Met
INC00434,2026-07-30 14:21:00,2026-07-31 14:35:06.996078,P4,Report Delay,Database Ops,120,24.24,Met
INC00435,2026-03-12 22:30:00,2026-03-14 00:09:01.774893,P4,Payment Failure,Database Ops,120,25.65,Met
INC00436,2026-04-18 14:56:00,2026-04-18 23:13:04.493250,P1,Payment Failure,App Support,4,8.28,Breached
INC00437,2026-04-07 16:22:00,2026-04-08 04:17:34.129917,P2,Data Discrepancy,Network Support,24,11.93,Met
INC00438,2026-05-03 10:56:00,2026-05-05 02:30:48.414760,P4,Report Delay,App Support,120,39.58,Met
INC00439,2026-06-08 17:14:00,2026-06-10 02:16:59.757928,P3,Data Discrepancy,Access Management,72,33.05,Met
INC00440,2026-08-26 04:16:00,2026-08-28 18:38:08.515656,P4,Login Issue,Access Management,120,62.37,Met
INC00441,2026-06-28 22:09:00,2026-06-29 20:54:32.258468,P3,Report Delay,Network Support,72,22.76,Met
INC00442,2026-03-24 11:10:00,2026-03-25 03:53:54.574433,P2,Data Discrepancy,Network Support,24,16.73,Met
INC00443,2026-07-18 04:41:00,2026-07-20 05:49:05.382447,P2,Performance Issue,Access Management,24,49.13,Breached
INC00444,2026-06-07 14:47:00,2026-06-09 16:23:29.273142,P4,System Outage,Network Support,120,49.61,Met
INC00445,2026-03-13 17:36:00,2026-03-13 20:53:28.259534,P1,Login Issue,Network Support,4,3.29,Met
INC00446,2026-04-23 23:21:00,2026-04-27 08:29:13.007154,P4,Access Request,Network Support,120,81.14,Met
INC00447,2026-03-08 06:35:00,2026-03-08 15:25:19.672126,P2,System Outage,Access Management,24,8.84,Met
INC00448,2026-04-23 21:00:00,2026-04-24 21:47:22.082293,P3,Report Delay,Network Support,72,24.79,Met
INC00449,2026-06-26 21:09:00,2026-06-26 21:53:22.369891,P1,Payment Failure,App Support,4,0.74,Met
INC00450,2026-06-10 23:01:00,2026-06-12 07:05:16.316380,P2,Payment Failure,Database Ops,24,32.07,Breached
INC00451,2026-06-19 05:16:00,2026-06-20 04:47:13.879329,P3,Access Request,Database Ops,72,23.52,Met
INC00452,2026-06-30 05:00:00,2026-07-03 23:56:49.634058,P4,Performance Issue,Network Support,120,90.95,Met
INC00453,2026-03-27 21:52:00,2026-04-02 09:24:13.157752,P3,Login Issue,App Support,72,131.54,Breached
INC00454,2026-07-13 20:24:00,2026-07-14 09:21:59.021155,P2,System Outage,Network Support,24,12.97,Met
INC00455,2026-03-16 15:42:00,2026-03-18 08:27:39.530215,P3,System Outage,Database Ops,72,40.76,Met
INC00456,2026-08-07 10:07:00,2026-08-11 05:42:54.112575,P4,Access Request,App Support,120,91.6,Met
INC00457,2026-06-12 02:28:00,2026-06-12 09:53:50.570953,P2,System Outage,Network Support,24,7.43,Met
INC00458,2026-08-19 03:25:00,2026-08-20 15:48:39.103202,P4,System Outage,App Support,120,36.39,Met
INC00459,2026-04-01 21:40:00,2026-04-04 01:16:30.184764,P3,Performance Issue,App Support,72,51.61,Met
INC00460,2026-03-25 09:58:00,2026-03-26 12:57:24.706961,P4,Access Request,Access Management,120,26.99,Met
INC00461,2026-06-03 10:42:00,2026-06-06 03:52:50.121389,P3,Data Discrepancy,Access Management,72,65.18,Met
INC00462,2026-04-26 14:30:00,2026-04-27 08:50:41.024648,P4,Login Issue,App Support,120,18.34,Met
INC00463,2026-04-21 08:10:00,2026-04-21 15:43:31.970228,P1,Data Discrepancy,Database Ops,4,7.56,Breached
INC00464,2026-04-30 20:45:00,2026-05-02 12:46:11.240886,P4,Data Discrepancy,App Support,120,40.02,Met
INC00465,2026-04-15 12:30:00,2026-04-19 18:22:28.451566,P3,Access Request,Access Management,72,101.87,Breached
INC00466,2026-06-16 00:16:00,2026-06-16 18:50:48.412666,P2,Report Delay,Database Ops,24,18.58,Met
INC00467,2026-05-09 08:15:00,2026-05-09 20:48:50.451877,P2,Report Delay,App Support,24,12.56,Met
INC00468,2026-05-15 10:36:00,2026-05-17 06:07:33.345283,P3,Performance Issue,App Support,72,43.53,Met
INC00469,2026-08-01 05:03:00,2026-08-03 09:03:21.252740,P3,Access Request,App Support,72,52.01,Met
INC00470,2026-04-12 20:15:00,2026-04-16 13:29:44.308060,P4,Access Request,App Support,120,89.25,Met
INC00471,2026-06-04 03:46:00,2026-06-05 15:00:38.258175,P3,Login Issue,Database Ops,72,35.24,Met
INC00472,2026-05-25 21:43:00,2026-05-31 11:46:38.775420,P4,Access Request,Access Management,120,134.06,Breached
INC00473,2026-08-17 10:20:00,2026-08-19 07:08:37.220203,P4,Payment Failure,Database Ops,120,44.81,Met
INC00474,2026-05-30 21:36:00,2026-06-02 02:40:55.087115,P4,System Outage,Network Support,120,53.08,Met
INC00475,2026-03-09 21:55:00,2026-03-10 01:33:47.327195,P1,Login Issue,Access Management,4,3.65,Met
INC00476,2026-05-10 16:02:00,2026-05-12 21:23:39.658928,P3,Report Delay,Database Ops,72,53.36,Met
INC00477,2026-05-30 13:16:00,2026-06-01 02:52:07.707934,P4,System Outage,Network Support,120,37.6,Met
INC00478,2026-05-07 00:49:00,2026-05-09 13:42:38.988481,P3,System Outage,Access Management,72,60.89,Met
INC00479,2026-04-28 10:40:00,2026-04-28 15:20:25.474868,P1,Login Issue,App Support,4,4.67,Breached
INC00480,2026-08-16 03:04:00,2026-08-19 00:31:32.808555,P4,Access Request,Database Ops,120,69.46,Met
INC00481,2026-06-23 18:44:00,2026-06-26 08:39:06.856734,P3,Performance Issue,App Support,72,61.92,Met
INC00482,2026-07-27 13:03:00,2026-07-31 19:42:59.462094,P4,Payment Failure,Access Management,120,102.67,Met
INC00483,2026-07-14 08:47:00,2026-07-15 04:37:33.418007,P2,System Outage,App Support,24,19.84,Met
INC00484,2026-05-07 14:34:00,2026-05-07 16:21:31.203759,P1,Report Delay,Access Management,4,1.79,Met
INC00485,2026-08-11 01:28:00,2026-08-11 04:05:32.924407,P1,Report Delay,App Support,4,2.63,Met
INC00486,2026-08-28 23:51:00,2026-08-29 15:40:56.104394,P4,Data Discrepancy,Network Support,120,15.83,Met
INC00487,2026-04-26 21:05:00,2026-05-11 14:56:42.556168,P4,Performance Issue,Database Ops,120,353.86,Breached
INC00488,2026-04-30 19:02:00,2026-05-01 05:24:34.815891,P3,System Outage,Access Management,72,10.38,Met
INC00489,2026-08-11 14:40:00,2026-08-12 23:43:53.664686,P3,Payment Failure,App Support,72,33.06,Met
INC00490,2026-03-25 15:26:00,2026-03-26 06:18:18.538747,P3,Report Delay,Database Ops,72,14.87,Met
INC00491,2026-04-08 15:55:00,2026-04-11 11:14:55.352471,P4,Login Issue,Access Management,120,67.33,Met
INC00492,2026-03-31 09:09:00,2026-03-31 15:35:40.377536,P1,Data Discrepancy,Network Support,4,6.44,Breached
INC00493,2026-03-10 21:56:00,2026-03-11 19:41:49.881557,P2,Performance Issue,Network Support,24,21.76,Met
INC00494,2026-06-09 05:48:00,2026-06-09 18:34:52.922403,P2,System Outage,Network Support,24,12.78,Met
INC00495,2026-05-27 01:39:00,2026-05-27 23:40:11.889132,P4,Data Discrepancy,Network Support,120,22.02,Met
INC00496,2026-06-30 06:56:00,2026-07-01 01:47:51.287180,P2,Access Request,Network Support,24,18.86,Met
INC00497,2026-03-06 19:51:00,2026-03-07 10:19:30.405864,P3,Login Issue,Access Management,72,14.48,Met
INC00498,2026-06-17 22:00:00,2026-06-20 11:12:54.154310,P4,System Outage,Access Management,120,61.22,Met
INC00499,2026-07-24 16:18:00,2026-07-25 07:06:44.025379,P3,Data Discrepancy,App Support,72,14.81,Met
INC00500,2026-08-09 22:03:00,2026-08-11 11:54:59.681779,P3,Data Discrepancy,Network Support,72,37.87,Met
INC00501,2026-08-15 18:52:00,2026-08-17 22:02:09.773674,P3,Data Discrepancy,Access Management,72,51.17,Met
INC00502,2026-05-03 02:18:00,2026-05-03 07:23:13.151699,P2,Payment Failure,Network Support,24,5.09,Met
INC00503,2026-08-19 22:01:00,2026-08-20 14:08:23.307895,P2,Access Request,Access Management,24,16.12,Met
INC00504,2026-06-27 02:49:00,2026-06-27 23:42:03.033722,P2,Payment Failure,Access Management,24,20.88,Met
INC00505,2026-07-02 00:48:00,2026-07-11 05:52:31.876697,P4,Access Request,Database Ops,120,221.08,Breached
INC00506,2026-07-12 00:04:00,2026-07-13 08:01:25.473590,P3,Data Discrepancy,Access Management,72,31.96,Met
INC00507,2026-05-01 17:47:00,2026-05-05 02:53:33.035189,P4,Report Delay,App Support,120,81.11,Met
INC00508,2026-08-14 03:32:00,2026-08-14 19:37:53.428678,P2,Performance Issue,Database Ops,24,16.1,Met
INC00509,2026-07-25 21:28:00,2026-07-27 12:32:12.311723,P2,Payment Failure,Database Ops,24,39.07,Breached
INC00510,2026-04-26 07:25:00,2026-04-29 02:24:55.604626,P3,Payment Failure,App Support,72,67.0,Met
INC00511,2026-08-03 08:04:00,2026-08-05 02:53:46.609254,P3,Login Issue,Database Ops,72,42.83,Met
INC00512,2026-05-10 02:09:00,2026-05-12 06:38:52.352766,P3,Payment Failure,Access Management,72,52.5,Met
INC00513,2026-08-13 21:25:00,2026-08-14 09:19:40.116184,P3,Access Request,Database Ops,72,11.91,Met
INC00514,2026-04-10 21:19:00,2026-04-14 00:55:43.831388,P4,Performance Issue,App Support,120,75.61,Met
INC00515,2026-04-03 21:02:00,2026-04-04 10:55:55.188272,P2,Login Issue,Network Support,24,13.9,Met
INC00516,2026-05-09 08:58:00,2026-05-12 09:55:43.793408,P4,Access Request,Access Management,120,72.96,Met
INC00517,2026-08-01 09:52:00,2026-08-05 00:59:35.735845,P4,Access Request,Database Ops,120,87.13,Met
INC00518,2026-06-08 01:29:00,2026-06-10 07:06:53.300886,P4,Login Issue,Network Support,120,53.63,Met
INC00519,2026-04-18 08:35:00,2026-04-19 05:16:36.967346,P3,Login Issue,Network Support,72,20.69,Met
INC00520,2026-08-07 05:47:00,2026-08-08 19:27:48.259398,P3,Report Delay,App Support,72,37.68,Met
INC00521,2026-05-24 14:14:00,2026-05-26 04:48:43.879184,P3,Report Delay,App Support,72,38.58,Met
INC00522,2026-05-31 16:42:00,2026-06-02 05:23:10.507769,P4,System Outage,Network Support,120,36.69,Met
INC00523,2026-06-21 20:22:00,2026-06-24 16:19:55.335512,P2,Performance Issue,Network Support,24,67.97,Breached
INC00524,2026-05-08 10:47:00,2026-05-08 20:25:20.979410,P2,Payment Failure,Database Ops,24,9.64,Met
INC00525,2026-08-08 10:15:00,2026-08-11 08:02:16.714983,P2,Payment Failure,App Support,24,69.79,Breached
INC00526,2026-03-19 03:58:00,2026-03-23 00:13:01.761633,P4,Report Delay,App Support,120,92.25,Met
INC00527,2026-06-28 13:07:00,2026-07-03 23:05:05.699918,P3,Login Issue,Network Support,72,129.97,Breached
INC00528,2026-05-28 06:48:00,2026-05-30 22:00:49.462981,P3,Access Request,Network Support,72,63.21,Met
INC00529,2026-05-24 01:57:00,2026-05-24 11:42:41.408317,P1,Payment Failure,Access Management,4,9.76,Breached
INC00530,2026-06-15 04:14:00,2026-06-23 04:15:29.549529,P3,Data Discrepancy,Access Management,72,192.02,Breached
INC00531,2026-03-04 21:06:00,2026-03-10 23:28:54.824807,P3,System Outage,Access Management,72,146.38,Breached
INC00532,2026-04-24 02:13:00,2026-04-25 23:15:24.875203,P2,Data Discrepancy,App Support,24,45.04,Breached
INC00533,2026-08-04 04:48:00,2026-08-04 20:45:00.271634,P2,Performance Issue,Database Ops,24,15.95,Met
INC00534,2026-05-23 18:34:00,2026-05-24 07:22:44.529423,P4,System Outage,Access Management,120,12.81,Met
INC00535,2026-03-23 20:57:00,2026-03-26 04:27:17.000342,P3,Performance Issue,App Support,72,55.5,Met
INC00536,2026-06-04 04:35:00,2026-06-06 06:40:56.608958,P4,Payment Failure,Database Ops,120,50.1,Met
INC00537,2026-06-21 20:08:00,2026-06-24 12:19:47.508710,P2,Performance Issue,App Support,24,64.2,Breached
INC00538,2026-03-05 09:22:00,2026-03-07 21:07:22.946026,P3,Report Delay,App Support,72,59.76,Met
INC00539,2026-03-29 14:36:00,2026-03-31 17:58:55.447406,P3,System Outage,Database Ops,72,51.38,Met
INC00540,2026-04-14 16:54:00,2026-04-22 02:25:24.887001,P3,Data Discrepancy,Access Management,72,177.52,Breached
INC00541,2026-07-28 21:32:00,2026-07-30 06:04:56.747922,P3,Payment Failure,Database Ops,72,32.55,Met
INC00542,2026-07-16 14:59:00,2026-07-16 19:47:56.400477,P2,Payment Failure,Access Management,24,4.82,Met
INC00543,2026-08-14 22:46:00,2026-08-15 20:17:59.686682,P3,Performance Issue,App Support,72,21.53,Met
INC00544,2026-05-11 10:08:00,2026-05-13 17:53:08.359236,P4,Report Delay,Database Ops,120,55.75,Met
INC00545,2026-08-22 09:00:00,2026-08-24 06:24:37.155054,P4,Access Request,App Support,120,45.41,Met
INC00546,2026-06-01 15:46:00,2026-06-03 12:01:54.139776,P3,Access Request,Network Support,72,44.27,Met
INC00547,2026-05-27 16:06:00,2026-05-29 22:06:20.950252,P3,Report Delay,Database Ops,72,54.01,Met
INC00548,2026-06-11 20:00:00,2026-06-24 20:44:55.859621,P4,Login Issue,Database Ops,120,312.75,Breached
INC00549,2026-03-29 20:42:00,2026-03-30 19:24:00.971538,P3,Login Issue,App Support,72,22.7,Met
INC00550,2026-06-28 23:00:00,2026-07-03 04:09:55.474488,P4,Login Issue,Database Ops,120,101.17,Met
INC00551,2026-06-26 08:06:00,2026-06-26 14:14:31.994904,P2,Payment Failure,Network Support,24,6.14,Met
INC00552,2026-07-09 10:52:00,2026-07-12 16:56:22.698339,P4,Payment Failure,Database Ops,120,78.07,Met
INC00553,2026-07-14 21:05:00,2026-07-15 10:32:06.925216,P2,System Outage,Database Ops,24,13.45,Met
INC00554,2026-04-26 16:44:00,2026-04-26 18:52:43.626893,P1,Data Discrepancy,Database Ops,4,2.15,Met
INC00555,2026-07-01 09:28:00,2026-07-01 13:17:41.057931,P2,Data Discrepancy,Access Management,24,3.83,Met
INC00556,2026-08-30 03:58:00,2026-08-30 13:56:24.743541,P3,Performance Issue,Database Ops,72,9.97,Met
INC00557,2026-08-05 10:01:00,2026-08-07 23:23:00.895996,P4,System Outage,Database Ops,120,61.37,Met
INC00558,2026-04-30 23:14:00,2026-05-11 23:42:17.188642,P4,Login Issue,App Support,120,264.47,Breached
INC00559,2026-06-20 12:38:00,2026-06-22 18:15:13.134403,P3,Report Delay,Network Support,72,53.62,Met
INC00560,2026-04-13 06:27:00,2026-04-14 03:00:51.674945,P2,Access Request,App Support,24,20.56,Met
INC00561,2026-07-09 20:25:00,2026-07-12 19:27:17.840257,P4,Data Discrepancy,App Support,120,71.04,Met
INC00562,2026-08-17 12:10:00,2026-08-17 18:41:33.547018,P2,Report Delay,Network Support,24,6.53,Met
INC00563,2026-07-08 11:09:00,2026-07-08 17:23:00.872767,P2,Login Issue,App Support,24,6.23,Met
INC00564,2026-07-18 18:25:00,2026-07-23 08:11:00.405257,P4,Login Issue,Access Management,120,109.77,Met
INC00565,2026-08-13 02:29:00,2026-08-14 18:02:28.564016,P3,System Outage,Network Support,72,39.56,Met
INC00566,2026-03-13 03:06:00,2026-03-16 10:37:14.996528,P4,Performance Issue,Database Ops,120,79.52,Met
INC00567,2026-03-23 22:05:00,2026-03-27 16:59:48.893830,P4,System Outage,Access Management,120,90.91,Met
INC00568,2026-07-14 00:36:00,2026-07-14 03:41:13.195101,P2,Access Request,Access Management,24,3.09,Met
INC00569,2026-03-05 23:45:00,2026-03-06 08:44:23.128272,P2,Data Discrepancy,Database Ops,24,8.99,Met
INC00570,2026-08-04 06:39:00,2026-08-04 19:37:22.218560,P3,Report Delay,Network Support,72,12.97,Met
INC00571,2026-04-07 15:26:00,2026-04-08 18:37:25.159434,P3,Performance Issue,Database Ops,72,27.19,Met
INC00572,2026-06-17 02:30:00,2026-06-26 12:15:05.997970,P4,Login Issue,Database Ops,120,225.75,Breached
INC00573,2026-07-27 18:53:00,2026-07-27 20:20:48.402588,P1,Access Request,Database Ops,4,1.46,Met
INC00574,2026-08-06 13:23:00,2026-08-06 16:22:30.584124,P1,Performance Issue,Database Ops,4,2.99,Met
INC00575,2026-06-07 02:15:00,2026-06-08 10:04:22.437338,P3,Report Delay,Network Support,72,31.82,Met
INC00576,2026-03-29 18:42:00,2026-03-29 19:34:14.450438,P1,Login Issue,Access Management,4,0.87,Met
INC00577,2026-05-26 23:10:00,2026-05-28 03:17:28.570872,P3,Access Request,Database Ops,72,28.12,Met
INC00578,2026-04-20 20:11:00,2026-04-21 16:08:55.166796,P2,Payment Failure,Access Management,24,19.97,Met
INC00579,2026-03-14 10:31:00,2026-03-17 19:20:41.530156,P4,Performance Issue,App Support,120,80.83,Met
INC00580,2026-05-14 20:43:00,2026-05-16 22:11:55.557714,P3,Performance Issue,Network Support,72,49.48,Met
INC00581,2026-07-28 18:00:00,2026-07-30 13:52:38.242228,P3,Performance Issue,Access Management,72,43.88,Met
INC00582,2026-08-22 16:28:00,2026-08-23 10:38:54.122113,P4,Payment Failure,Access Management,120,18.18,Met
INC00583,2026-04-28 10:14:00,2026-04-28 13:21:46.405842,P1,Data Discrepancy,App Support,4,3.13,Met
INC00584,2026-05-29 12:12:00,2026-05-31 22:25:41.042626,P3,Payment Failure,Access Management,72,58.23,Met
INC00585,2026-05-14 07:43:00,2026-05-14 08:17:36.349668,P1,Access Request,Access Management,4,0.58,Met
INC00586,2026-07-06 19:51:00,2026-07-07 12:20:23.522393,P2,Report Delay,Database Ops,24,16.49,Met
INC00587,2026-08-23 20:22:00,2026-08-26 04:41:17.713618,P3,Report Delay,Database Ops,72,56.32,Met
INC00588,2026-06-27 07:14:00,2026-06-27 07:50:43.703400,P1,System Outage,Access Management,4,0.61,Met
INC00589,2026-06-27 11:48:00,2026-06-27 15:13:56.771584,P1,Access Request,Database Ops,4,3.43,Met
INC00590,2026-06-06 17:06:00,2026-06-07 14:20:13.867997,P3,System Outage,App Support,72,21.24,Met
INC00591,2026-07-16 19:14:00,2026-07-19 18:00:20.287145,P2,Data Discrepancy,Network Support,24,70.77,Breached
INC00592,2026-04-09 11:55:00,2026-04-10 21:03:30.637914,P4,Access Request,App Support,120,33.14,Met
INC00593,2026-07-16 06:27:00,2026-07-16 09:08:29.689108,P1,System Outage,Network Support,4,2.69,Met
INC00594,2026-03-04 17:37:00,2026-03-04 23:10:37.714850,P2,Performance Issue,App Support,24,5.56,Met
INC00595,2026-06-27 10:27:00,2026-06-28 03:11:45.703890,P3,Data Discrepancy,App Support,72,16.75,Met
INC00596,2026-07-30 02:43:00,2026-07-31 15:46:19.657062,P3,Login Issue,Network Support,72,37.06,Met
INC00597,2026-04-26 22:41:00,2026-04-28 04:08:54.540136,P3,Data Discrepancy,Network Support,72,29.47,Met
INC00598,2026-03-18 18:11:00,2026-03-21 06:09:00.559156,P3,Performance Issue,Database Ops,72,59.97,Met
INC00599,2026-08-14 12:16:00,2026-08-17 05:01:13.159753,P3,Payment Failure,Database Ops,72,64.75,Met
INC00600,2026-05-16 15:08:00,2026-05-18 03:54:14.407805,P3,Report Delay,Access Management,72,36.77,Met
INC00601,2026-04-17 17:15:00,2026-04-19 04:14:03.057236,P3,Login Issue,Access Management,72,34.98,Met
INC00602,2026-07-19 12:16:00,2026-07-20 01:04:25.297061,P2,Access Request,Network Support,24,12.81,Met
INC00603,2026-03-14 21:03:00,2026-03-17 13:18:29.350093,P3,Access Request,Access Management,72,64.26,Met
INC00604,2026-08-13 23:27:00,2026-08-14 19:16:36.912344,P2,Report Delay,Network Support,24,19.83,Met
INC00605,2026-07-28 05:07:00,2026-07-29 11:01:56.067769,P3,Data Discrepancy,App Support,72,29.92,Met
INC00606,2026-07-16 02:58:00,2026-07-16 20:14:51.819256,P2,Access Request,Database Ops,24,17.28,Met
INC00607,2026-04-21 08:30:00,2026-04-23 21:11:35.493095,P3,Performance Issue,Database Ops,72,60.69,Met
INC00608,2026-03-13 12:41:00,2026-03-14 03:52:51.036993,P2,Access Request,Network Support,24,15.2,Met
INC00609,2026-07-07 14:12:00,2026-07-09 14:46:03.180453,P2,Payment Failure,Database Ops,24,48.57,Breached
INC00610,2026-08-21 07:07:00,2026-08-21 10:11:18.346781,P1,Access Request,Database Ops,4,3.07,Met
INC00611,2026-08-03 15:54:00,2026-08-03 17:45:43.019021,P1,Login Issue,App Support,4,1.86,Met
INC00612,2026-06-04 17:28:00,2026-06-07 05:59:12.566774,P4,Report Delay,Network Support,120,60.52,Met
INC00613,2026-06-20 22:16:00,2026-06-24 01:00:35.420407,P4,Login Issue,Access Management,120,74.74,Met
INC00614,2026-04-22 22:51:00,2026-04-25 10:15:08.993211,P3,Login Issue,App Support,72,59.4,Met
INC00615,2026-04-13 02:10:00,2026-04-14 14:23:22.126039,P4,Performance Issue,Access Management,120,36.22,Met
INC00616,2026-07-14 07:26:00,2026-07-16 10:10:04.759216,P4,Payment Failure,App Support,120,50.73,Met
INC00617,2026-06-11 10:30:00,2026-06-11 11:42:20.063897,P1,Access Request,Network Support,4,1.21,Met
INC00618,2026-07-29 23:05:00,2026-07-31 01:44:52.681824,P3,Access Request,Access Management,72,26.66,Met
INC00619,2026-08-24 02:50:00,2026-08-24 11:52:32.485126,P3,Report Delay,App Support,72,9.04,Met
INC00620,2026-05-22 06:27:00,2026-05-25 13:05:42.420641,P4,Data Discrepancy,Access Management,120,78.65,Met
INC00621,2026-06-27 04:50:00,2026-06-29 04:34:31.745404,P4,Login Issue,Database Ops,120,47.74,Met
INC00622,2026-03-13 19:57:00,2026-03-15 22:22:20.154534,P3,Performance Issue,Access Management,72,50.42,Met
INC00623,2026-06-07 13:39:00,2026-06-11 16:18:08.963927,P4,Payment Failure,App Support,120,98.65,Met
INC00624,2026-06-05 11:07:00,2026-06-07 21:18:13.195858,P4,Data Discrepancy,Access Management,120,58.19,Met
INC00625,2026-06-19 15:55:00,2026-06-19 21:23:10.683583,P2,Data Discrepancy,Network Support,24,5.47,Met
INC00626,2026-04-03 02:57:00,2026-04-06 18:22:16.280183,P3,Login Issue,App Support,72,87.42,Breached
INC00627,2026-06-12 09:18:00,2026-06-14 18:31:31.296918,P3,Payment Failure,Database Ops,72,57.23,Met
INC00628,2026-03-15 02:11:00,2026-03-15 03:25:53.368421,P1,Performance Issue,App Support,4,1.25,Met
INC00629,2026-08-25 19:11:00,2026-08-27 15:11:56.029696,P4,Performance Issue,Access Management,120,44.02,Met
INC00630,2026-05-28 01:29:00,2026-05-28 16:12:02.851087,P2,System Outage,Network Support,24,14.72,Met
INC00631,2026-06-24 05:14:00,2026-06-25 07:12:59.249007,P4,Performance Issue,App Support,120,25.98,Met
INC00632,2026-06-29 04:05:00,2026-06-30 08:20:00.757502,P3,Performance Issue,Database Ops,72,28.25,Met
INC00633,2026-03-18 20:27:00,2026-03-21 13:48:38.117200,P4,Report Delay,Access Management,120,65.36,Met
INC00634,2026-05-28 19:48:00,2026-06-02 13:44:19.273917,P3,Access Request,App Support,72,113.94,Breached
INC00635,2026-04-24 04:55:00,2026-04-30 20:09:19.431218,P3,Access Request,Network Support,72,159.24,Breached
INC00636,2026-03-02 00:39:00,2026-03-13 18:50:15.437867,P4,System Outage,Access Management,120,282.19,Breached
INC00637,2026-05-29 12:58:00,2026-05-30 02:48:58.616998,P2,Access Request,App Support,24,13.85,Met
INC00638,2026-06-02 08:38:00,2026-06-03 18:13:29.446192,P3,Performance Issue,App Support,72,33.59,Met
INC00639,2026-04-21 11:00:00,2026-04-21 12:10:12.624703,P1,Performance Issue,Network Support,4,1.17,Met
INC00640,2026-08-29 09:20:00,2026-08-29 13:17:33.743395,P2,Report Delay,Network Support,24,3.96,Met
INC00641,2026-08-22 16:16:00,2026-08-23 20:10:56.349924,P4,Data Discrepancy,Network Support,120,27.92,Met
INC00642,2026-08-20 05:34:00,2026-08-21 12:04:59.997415,P3,Access Request,Database Ops,72,30.52,Met
INC00643,2026-03-27 12:48:00,2026-03-28 21:37:59.409873,P4,System Outage,App Support,120,32.83,Met
INC00644,2026-04-27 16:22:00,2026-04-28 07:41:52.407120,P4,Access Request,App Support,120,15.33,Met
INC00645,2026-04-28 17:17:00,2026-05-01 09:16:59.396400,P3,Data Discrepancy,Network Support,72,64.0,Met
INC00646,2026-04-13 22:14:00,2026-04-14 19:46:42.129699,P2,System Outage,Database Ops,24,21.55,Met
INC00647,2026-07-25 19:35:00,2026-07-25 23:10:47.842261,P1,System Outage,Access Management,4,3.6,Met
INC00648,2026-07-03 16:06:00,2026-07-04 05:46:46.229789,P3,System Outage,Network Support,72,13.68,Met
INC00649,2026-07-06 13:36:00,2026-07-12 02:52:17.307664,P3,System Outage,Access Management,72,133.27,Breached
INC00650,2026-07-22 03:44:00,2026-07-22 16:42:22.202398,P2,Payment Failure,Database Ops,24,12.97,Met
INC00651,2026-07-14 23:14:00,2026-07-15 21:10:44.186575,P2,Access Request,App Support,24,21.95,Met
INC00652,2026-06-16 18:38:00,2026-06-19 22:52:30.144308,P4,Report Delay,App Support,120,76.24,Met
INC00653,2026-07-24 17:04:00,2026-07-26 21:41:09.245941,P4,Payment Failure,Database Ops,120,52.62,Met
INC00654,2026-07-29 04:29:00,2026-08-02 06:38:21.321818,P4,Data Discrepancy,Access Management,120,98.16,Met
INC00655,2026-07-29 05:31:00,2026-07-30 03:59:10.518516,P3,Payment Failure,Access Management,72,22.47,Met
INC00656,2026-03-06 15:55:00,2026-03-08 06:43:11.291053,P2,Report Delay,Database Ops,24,38.8,Breached
INC00657,2026-07-10 03:16:00,2026-07-12 02:32:19.999336,P4,Data Discrepancy,Access Management,120,47.27,Met
INC00658,2026-03-22 00:19:00,2026-03-25 03:29:22.916359,P4,Access Request,Database Ops,120,75.17,Met
INC00659,2026-07-15 11:22:00,2026-07-17 19:19:37.288785,P4,Report Delay,Network Support,120,55.96,Met
INC00660,2026-05-22 14:04:00,2026-05-23 03:36:51.915305,P2,Data Discrepancy,Network Support,24,13.55,Met
INC00661,2026-06-20 14:24:00,2026-06-21 07:34:27.638297,P2,Data Discrepancy,App Support,24,17.17,Met
INC00662,2026-07-05 08:24:00,2026-07-07 04:28:11.661054,P3,Payment Failure,App Support,72,44.07,Met
INC00663,2026-03-11 20:20:00,2026-03-12 04:56:49.997008,P2,Login Issue,Access Management,24,8.61,Met
INC00664,2026-03-02 11:56:00,2026-03-02 15:21:57.714363,P2,Report Delay,Access Management,24,3.43,Met
INC00665,2026-03-18 02:52:00,2026-03-20 20:00:29.289669,P3,Login Issue,Access Management,72,65.14,Met
INC00666,2026-04-17 09:11:00,2026-04-19 03:02:08.492271,P3,Data Discrepancy,App Support,72,41.85,Met
INC00667,2026-08-02 14:07:00,2026-08-02 15:47:26.596919,P1,Data Discrepancy,Database Ops,4,1.67,Met
INC00668,2026-03-12 12:42:00,2026-03-12 13:51:45.659160,P1,System Outage,Network Support,4,1.16,Met
INC00669,2026-05-29 15:35:00,2026-05-30 00:52:02.642247,P2,System Outage,Network Support,24,9.28,Met
INC00670,2026-07-22 13:09:00,2026-07-23 09:18:39.352256,P2,Access Request,Network Support,24,20.16,Met
INC00671,2026-07-21 03:46:00,2026-07-22 08:13:34.094000,P4,Payment Failure,Network Support,120,28.46,Met
INC00672,2026-03-27 22:51:00,2026-03-31 13:42:30.054435,P4,Performance Issue,Access Management,120,86.86,Met
INC00673,2026-03-16 17:04:00,2026-03-18 12:03:31.647334,P3,Report Delay,Database Ops,72,42.99,Met
INC00674,2026-08-18 21:28:00,2026-08-20 19:52:20.582364,P4,Performance Issue,Access Management,120,46.41,Met
INC00675,2026-07-25 05:05:00,2026-07-25 23:36:35.826274,P2,System Outage,Network Support,24,18.53,Met
INC00676,2026-04-19 17:04:00,2026-04-21 21:25:45.352731,P3,Access Request,App Support,72,52.36,Met
INC00677,2026-04-13 01:12:00,2026-04-14 05:07:57.193712,P4,Performance Issue,Access Management,120,27.93,Met
INC00678,2026-08-06 02:56:00,2026-08-09 07:59:57.568336,P4,Performance Issue,Network Support,120,77.07,Met
INC00679,2026-06-24 09:01:00,2026-06-27 16:53:02.104531,P4,Data Discrepancy,Database Ops,120,79.87,Met
INC00680,2026-06-15 23:00:00,2026-06-16 21:09:13.479503,P4,Performance Issue,App Support,120,22.15,Met
INC00681,2026-07-18 16:32:00,2026-07-19 11:40:04.378570,P3,Performance Issue,Access Management,72,19.13,Met
INC00682,2026-07-08 09:23:00,2026-07-09 03:36:21.822912,P4,Report Delay,Access Management,120,18.22,Met
INC00683,2026-05-14 12:02:00,2026-05-15 04:14:00.966565,P2,Login Issue,App Support,24,16.2,Met
INC00684,2026-07-22 01:59:00,2026-07-27 12:54:27.067105,P3,System Outage,Network Support,72,130.92,Breached
INC00685,2026-03-10 09:39:00,2026-03-10 12:17:52.361904,P1,Data Discrepancy,App Support,4,2.65,Met
INC00686,2026-03-22 19:49:00,2026-03-25 07:41:38.270684,P2,Payment Failure,Access Management,24,59.88,Breached
INC00687,2026-05-05 11:39:00,2026-05-05 20:33:14.569717,P3,Payment Failure,Access Management,72,8.9,Met
INC00688,2026-08-23 19:38:00,2026-08-26 03:07:33.476618,P4,System Outage,Access Management,120,55.49,Met
INC00689,2026-08-02 01:30:00,2026-08-02 12:01:00.613853,P2,Performance Issue,Access Management,24,10.52,Met
INC00690,2026-05-23 06:23:00,2026-05-24 23:02:28.135050,P3,Access Request,App Support,72,40.66,Met
INC00691,2026-08-09 11:21:00,2026-08-11 22:20:28.243708,P2,System Outage,App Support,24,58.99,Breached
INC00692,2026-05-19 03:55:00,2026-05-21 04:30:35.870474,P3,System Outage,Access Management,72,48.59,Met
INC00693,2026-07-29 12:58:00,2026-08-02 23:14:38.212396,P4,Access Request,Access Management,120,106.28,Met
INC00694,2026-07-18 15:16:00,2026-07-19 05:01:15.119789,P2,Performance Issue,App Support,24,13.75,Met
INC00695,2026-04-13 16:40:00,2026-04-14 05:14:44.438826,P2,Access Request,Network Support,24,12.58,Met
INC00696,2026-05-26 07:58:00,2026-05-30 14:52:08.666829,P4,Access Request,Database Ops,120,102.9,Met
INC00697,2026-05-22 13:53:00,2026-05-30 12:36:47.287535,P3,Access Request,Database Ops,72,190.73,Breached
INC00698,2026-07-11 08:28:00,2026-07-14 04:27:06.092726,P4,Data Discrepancy,App Support,120,67.99,Met
INC00699,2026-05-28 07:54:00,2026-05-28 23:32:47.572100,P3,Report Delay,Database Ops,72,15.65,Met
INC00700,2026-05-27 10:28:00,2026-05-28 05:10:46.078526,P4,System Outage,App Support,120,18.71,Met
INC00701,2026-07-05 20:46:00,2026-07-07 09:53:44.362016,P3,System Outage,App Support,72,37.13,Met
INC00702,2026-06-20 18:32:00,2026-06-21 09:35:12.753957,P3,Report Delay,Access Management,72,15.05,Met
INC00703,2026-06-17 19:08:00,2026-06-20 02:34:44.326549,P4,Report Delay,App Support,120,55.45,Met
INC00704,2026-08-18 12:12:00,2026-08-20 03:34:30.313873,P2,System Outage,Database Ops,24,39.38,Breached
INC00705,2026-05-25 10:18:00,2026-05-27 03:13:27.546030,P3,Payment Failure,Access Management,72,40.92,Met
INC00706,2026-07-29 10:12:00,2026-07-29 14:21:18.201612,P2,Report Delay,Access Management,24,4.16,Met
INC00707,2026-03-12 14:30:00,2026-03-13 19:05:34.833677,P2,Payment Failure,Database Ops,24,28.59,Breached
INC00708,2026-06-06 10:18:00,2026-06-08 00:02:08.939620,P4,Data Discrepancy,Network Support,120,37.74,Met
INC00709,2026-05-04 02:39:00,2026-05-04 18:09:14.850176,P3,Performance Issue,Access Management,72,15.5,Met
INC00710,2026-06-11 03:24:00,2026-06-11 06:25:10.273986,P1,System Outage,Database Ops,4,3.02,Met
INC00711,2026-08-12 13:52:00,2026-08-13 07:40:06.849264,P4,Login Issue,Network Support,120,17.8,Met
INC00712,2026-06-24 21:03:00,2026-06-28 14:11:16.392210,P4,Data Discrepancy,App Support,120,89.14,Met
INC00713,2026-08-29 08:22:00,2026-08-30 11:01:37.915711,P3,Report Delay,Database Ops,72,26.66,Met
INC00714,2026-07-31 21:28:00,2026-08-02 11:37:46.862080,P3,Data Discrepancy,Database Ops,72,38.16,Met
INC00715,2026-03-17 02:15:00,2026-03-21 14:14:12.921086,P4,Access Request,Database Ops,120,107.99,Met
INC00716,2026-08-26 05:41:00,2026-08-28 02:36:31.456039,P3,Data Discrepancy,Access Management,72,44.93,Met
INC00717,2026-05-03 22:24:00,2026-05-05 21:18:15.989879,P3,Payment Failure,Network Support,72,46.9,Met
INC00718,2026-07-16 06:47:00,2026-07-16 17:22:23.353056,P2,System Outage,Network Support,24,10.59,Met
INC00719,2026-08-28 01:03:00,2026-08-28 07:42:36.543903,P2,Payment Failure,Access Management,24,6.66,Met
INC00720,2026-08-25 08:34:00,2026-08-26 07:19:38.834512,P3,System Outage,App Support,72,22.76,Met
INC00721,2026-04-12 13:56:00,2026-04-13 15:16:06.500675,P3,Report Delay,Database Ops,72,25.34,Met
INC00722,2026-03-31 03:36:00,2026-04-04 15:26:09.585890,P4,Payment Failure,Access Management,120,107.84,Met
INC00723,2026-07-10 21:10:00,2026-07-13 12:24:46.464917,P3,System Outage,App Support,72,63.25,Met
INC00724,2026-03-01 22:25:00,2026-03-04 01:48:25.595265,P3,Data Discrepancy,Database Ops,72,51.39,Met
INC00725,2026-06-03 04:29:00,2026-06-04 17:08:15.158213,P3,Access Request,Access Management,72,36.65,Met
INC00726,2026-08-02 06:08:00,2026-08-02 19:26:59.534115,P4,Access Request,Network Support,120,13.32,Met
INC00727,2026-06-25 14:01:00,2026-06-26 20:31:51.310496,P3,Data Discrepancy,App Support,72,30.51,Met
INC00728,2026-08-18 17:43:00,2026-08-21 08:20:08.316772,P3,System Outage,Database Ops,72,62.62,Met
INC00729,2026-03-11 03:58:00,2026-03-11 13:34:11.876164,P2,Access Request,Access Management,24,9.6,Met
INC00730,2026-08-19 05:41:00,2026-08-21 01:30:55.398666,P3,Performance Issue,Database Ops,72,43.83,Met
INC00731,2026-07-20 06:27:00,2026-07-20 19:54:42.308634,P4,Login Issue,Network Support,120,13.46,Met
INC00732,2026-07-28 04:22:00,2026-07-28 05:43:48.376203,P1,Report Delay,App Support,4,1.36,Met
INC00733,2026-06-30 14:06:00,2026-07-01 07:17:52.964210,P3,Report Delay,App Support,72,17.2,Met
INC00734,2026-04-04 05:11:00,2026-04-04 18:01:19.794916,P2,Report Delay,Database Ops,24,12.84,Met
INC00735,2026-06-30 19:46:00,2026-07-01 06:45:48.964984,P3,Access Request,Access Management,72,11.0,Met
INC00736,2026-05-16 02:47:00,2026-05-17 01:46:45.457673,P3,Access Request,Network Support,72,23.0,Met
INC00737,2026-05-10 05:33:00,2026-05-13 00:45:34.384738,P4,Access Request,Access Management,120,67.21,Met
INC00738,2026-06-18 07:55:00,2026-06-18 11:30:07.997052,P1,Login Issue,Network Support,4,3.59,Met
INC00739,2026-06-20 13:40:00,2026-06-21 07:41:43.657426,P4,Data Discrepancy,Database Ops,120,18.03,Met
INC00740,2026-03-25 17:12:00,2026-03-27 10:21:42.676001,P4,Report Delay,Access Management,120,41.16,Met
INC00741,2026-05-31 18:55:00,2026-06-01 07:18:19.460944,P2,System Outage,Access Management,24,12.39,Met
INC00742,2026-04-15 01:47:00,2026-04-16 21:39:50.934621,P3,Performance Issue,App Support,72,43.88,Met
INC00743,2026-03-25 19:53:00,2026-03-26 15:47:58.843306,P3,Payment Failure,Database Ops,72,19.92,Met
INC00744,2026-08-22 11:46:00,2026-08-23 02:58:21.623270,P2,Performance Issue,Database Ops,24,15.21,Met
INC00745,2026-04-22 13:13:00,2026-04-24 00:07:54.196414,P4,Login Issue,Network Support,120,34.92,Met
INC00746,2026-06-27 21:22:00,2026-07-02 07:12:42.052141,P3,System Outage,Database Ops,72,105.85,Breached
INC00747,2026-04-02 18:27:00,2026-04-03 14:31:30.118599,P2,Login Issue,Network Support,24,20.08,Met
INC00748,2026-06-06 02:39:00,2026-06-08 07:43:45.938799,P4,Performance Issue,Access Management,120,53.08,Met
INC00749,2026-03-16 15:34:00,2026-03-17 17:08:01.198159,P4,System Outage,Database Ops,120,25.57,Met
INC00750,2026-05-24 07:20:00,2026-05-25 16:34:53.411211,P4,Performance Issue,Database Ops,120,33.25,Met
INC00751,2026-08-18 10:22:00,2026-08-22 22:06:37.719441,P4,Payment Failure,Database Ops,120,107.74,Met
INC00752,2026-07-27 06:22:00,2026-07-27 13:20:54.803199,P2,Report Delay,Database Ops,24,6.98,Met
INC00753,2026-08-17 06:49:00,2026-08-17 16:31:53.927797,P1,Report Delay,Network Support,4,9.71,Breached
INC00754,2026-04-26 20:25:00,2026-04-27 21:43:41.274299,P4,Login Issue,Database Ops,120,25.31,Met
INC00755,2026-06-25 16:27:00,2026-06-26 17:17:12.814759,P3,Payment Failure,Network Support,72,24.84,Met
INC00756,2026-04-07 05:44:00,2026-04-07 19:20:22.209828,P3,Report Delay,Database Ops,72,13.61,Met
INC00757,2026-07-30 18:17:00,2026-07-31 23:36:58.087935,P3,Access Request,Database Ops,72,29.33,Met
INC00758,2026-07-31 12:48:00,2026-08-03 11:39:57.392653,P4,Login Issue,Access Management,120,70.87,Met
INC00759,2026-07-25 22:18:00,2026-07-26 23:35:59.102991,P3,Login Issue,Network Support,72,25.3,Met
INC00760,2026-08-09 15:43:00,2026-08-10 22:27:44.281256,P3,Login Issue,Network Support,72,30.75,Met
INC00761,2026-03-21 05:31:00,2026-03-21 23:34:08.586206,P3,Performance Issue,App Support,72,18.05,Met
INC00762,2026-03-18 23:51:00,2026-03-22 01:32:37.038462,P4,System Outage,Database Ops,120,73.69,Met
INC00763,2026-06-17 08:25:00,2026-06-17 22:28:14.618134,P4,Report Delay,Network Support,120,14.05,Met
INC00764,2026-03-05 19:14:00,2026-03-09 04:29:53.257171,P4,Access Request,Access Management,120,81.26,Met
INC00765,2026-05-13 08:07:00,2026-05-15 04:43:49.701354,P4,Login Issue,App Support,120,44.61,Met
INC00766,2026-06-07 04:41:00,2026-06-07 17:17:04.278555,P2,System Outage,Network Support,24,12.6,Met
INC00767,2026-05-12 19:06:00,2026-05-13 05:52:40.532568,P2,Performance Issue,Database Ops,24,10.78,Met
INC00768,2026-05-24 22:28:00,2026-05-28 18:13:10.343252,P4,Performance Issue,Database Ops,120,91.75,Met
INC00769,2026-08-25 19:43:00,2026-09-02 01:19:01.559768,P4,Login Issue,Network Support,120,173.6,Breached
INC00770,2026-06-14 22:05:00,2026-06-15 14:17:37.069034,P3,Report Delay,App Support,72,16.21,Met
INC00771,2026-05-08 18:21:00,2026-05-09 18:01:21.677321,P3,Performance Issue,App Support,72,23.67,Met
INC00772,2026-06-13 03:14:00,2026-06-17 10:43:36.670255,P4,Performance Issue,App Support,120,103.49,Met
INC00773,2026-06-10 03:06:00,2026-06-12 17:25:53.177130,P2,Performance Issue,App Support,24,62.33,Breached
INC00774,2026-05-11 17:27:00,2026-05-12 05:45:25.905790,P2,Login Issue,Database Ops,24,12.31,Met
INC00775,2026-03-07 09:33:00,2026-03-11 18:33:19.800454,P4,Payment Failure,Database Ops,120,105.01,Met
INC00776,2026-07-04 22:16:00,2026-07-06 09:51:25.989678,P4,Performance Issue,Database Ops,120,35.59,Met
INC00777,2026-03-28 02:10:00,2026-03-28 17:46:09.943208,P3,Payment Failure,Access Management,72,15.6,Met
INC00778,2026-06-11 07:50:00,2026-06-12 10:11:02.434822,P3,Report Delay,Database Ops,72,26.35,Met
INC00779,2026-07-07 07:55:00,2026-07-07 23:03:58.512721,P2,Report Delay,App Support,24,15.15,Met
INC00780,2026-03-07 00:26:00,2026-03-07 13:01:41.683481,P3,Performance Issue,Network Support,72,12.59,Met
INC00781,2026-04-11 20:32:00,2026-04-15 10:00:45.004281,P4,Login Issue,Database Ops,120,85.48,Met
INC00782,2026-08-23 04:47:00,2026-08-25 07:23:52.545224,P3,Data Discrepancy,Database Ops,72,50.61,Met
INC00783,2026-06-20 16:59:00,2026-06-21 16:28:03.219310,P4,Payment Failure,App Support,120,23.48,Met
INC00784,2026-05-18 14:05:00,2026-05-22 18:03:28.717518,P4,Performance Issue,Access Management,120,99.97,Met
INC00785,2026-04-16 12:40:00,2026-04-21 04:22:51.033439,P4,Access Request,Access Management,120,111.71,Met
INC00786,2026-06-24 16:12:00,2026-06-26 17:51:06.810367,P4,System Outage,App Support,120,49.65,Met
INC00787,2026-06-06 17:53:00,2026-06-07 03:07:09.599408,P3,Access Request,Network Support,72,9.24,Met
INC00788,2026-07-14 21:01:00,2026-07-17 05:39:22.088232,P2,Data Discrepancy,Network Support,24,56.64,Breached
INC00789,2026-03-22 02:36:00,2026-03-24 01:30:11.964133,P3,Login Issue,Database Ops,72,46.9,Met
INC00790,2026-07-08 03:20:00,2026-07-10 08:12:38.670672,P3,Login Issue,Database Ops,72,52.88,Met
INC00791,2026-05-08 19:15:00,2026-05-11 17:28:03.615808,P4,Login Issue,Network Support,120,70.22,Met
INC00792,2026-05-05 08:42:00,2026-05-09 10:46:32.519804,P4,Data Discrepancy,App Support,120,98.08,Met
INC00793,2026-08-13 13:32:00,2026-08-14 10:52:51.656633,P2,Login Issue,Network Support,24,21.35,Met
INC00794,2026-03-04 17:26:00,2026-03-05 08:30:30.521038,P2,System Outage,App Support,24,15.08,Met
INC00795,2026-05-09 15:33:00,2026-05-11 02:36:29.934024,P2,Login Issue,Network Support,24,35.06,Breached
INC00796,2026-08-29 12:48:00,2026-08-30 04:58:55.092651,P2,Payment Failure,Network Support,24,16.18,Met
INC00797,2026-07-29 21:50:00,2026-08-09 11:48:20.645534,P4,System Outage,Database Ops,120,253.97,Breached
INC00798,2026-07-24 09:06:00,2026-07-25 22:27:27.713630,P4,Login Issue,Access Management,120,37.36,Met
INC00799,2026-04-21 17:42:00,2026-04-24 12:14:07.490953,P4,Login Issue,Database Ops,120,66.54,Met
INC00800,2026-04-11 18:55:00,2026-04-12 22:45:40.679741,P3,Report Delay,App Support,72,27.84,Met
INC00801,2026-08-29 16:48:00,2026-08-30 11:45:18.126778,P4,Report Delay,App Support,120,18.96,Met
INC00802,2026-08-30 02:29:00,2026-09-01 21:30:21.975609,P3,Data Discrepancy,Network Support,72,67.02,Met
INC00803,2026-04-11 01:00:00,2026-04-11 19:08:35.334167,P4,Performance Issue,App Support,120,18.14,Met
INC00804,2026-07-20 22:24:00,2026-07-21 19:28:56.908921,P2,Report Delay,Access Management,24,21.08,Met
INC00805,2026-04-26 11:33:00,2026-04-26 17:49:43.056598,P2,System Outage,Network Support,24,6.28,Met
INC00806,2026-08-12 00:50:00,2026-08-14 05:11:29.813070,P3,System Outage,Database Ops,72,52.36,Met
INC00807,2026-08-15 15:27:00,2026-08-20 02:47:56.914023,P4,Report Delay,Network Support,120,107.35,Met
INC00808,2026-03-23 06:43:00,2026-03-25 22:05:41.719737,P4,Payment Failure,App Support,120,63.38,Met
INC00809,2026-05-17 15:06:00,2026-05-21 02:35:43.466035,P4,Payment Failure,Network Support,120,83.5,Met
INC00810,2026-07-18 05:21:00,2026-07-20 04:03:24.129404,P3,Data Discrepancy,Database Ops,72,46.71,Met
INC00811,2026-07-24 05:44:00,2026-07-26 23:07:24.367153,P3,Access Request,Database Ops,72,65.39,Met
INC00812,2026-03-27 00:14:00,2026-03-27 20:01:58.913630,P2,Report Delay,Network Support,24,19.8,Met
INC00813,2026-07-08 22:57:00,2026-07-13 15:02:17.782418,P4,Performance Issue,Access Management,120,112.09,Met
INC00814,2026-08-01 02:14:00,2026-08-04 06:49:34.247631,P4,Login Issue,Network Support,120,76.59,Met
INC00815,2026-05-10 02:57:00,2026-05-12 11:36:57.652295,P3,Performance Issue,Network Support,72,56.67,Met
INC00816,2026-03-14 19:31:00,2026-03-16 16:36:35.103508,P3,Payment Failure,App Support,72,45.09,Met
INC00817,2026-07-27 16:32:00,2026-07-29 04:45:23.869658,P4,Payment Failure,Database Ops,120,36.22,Met
INC00818,2026-04-25 15:40:00,2026-04-27 21:20:11.367607,P3,System Outage,Network Support,72,53.67,Met
INC00819,2026-07-08 03:49:00,2026-07-08 13:12:44.754433,P2,Performance Issue,Access Management,24,9.4,Met
INC00820,2026-05-13 04:47:00,2026-05-13 12:07:23.046143,P1,Access Request,Access Management,4,7.34,Breached
INC00821,2026-06-28 00:16:00,2026-06-28 19:59:04.968974,P2,Login Issue,Access Management,24,19.72,Met
INC00822,2026-07-15 03:16:00,2026-07-17 07:40:38.422109,P2,Data Discrepancy,Access Management,24,52.41,Breached
INC00823,2026-05-24 20:17:00,2026-05-27 16:47:26.323421,P4,Access Request,Network Support,120,68.51,Met
INC00824,2026-06-09 12:17:00,2026-06-10 08:50:38.977505,P2,Access Request,Database Ops,24,20.56,Met
INC00825,2026-07-26 23:55:00,2026-07-27 00:30:07.225992,P1,Access Request,Database Ops,4,0.59,Met
INC00826,2026-03-19 19:25:00,2026-03-20 23:33:18.654457,P3,System Outage,Network Support,72,28.14,Met
INC00827,2026-08-28 02:01:00,2026-08-29 19:05:40.015916,P3,System Outage,Network Support,72,41.08,Met
INC00828,2026-05-02 02:42:00,2026-05-04 12:52:32.766276,P3,System Outage,Access Management,72,58.18,Met
INC00829,2026-03-07 13:45:00,2026-03-08 05:56:20.233049,P4,Data Discrepancy,App Support,120,16.19,Met
INC00830,2026-03-25 09:53:00,2026-03-26 20:38:41.196995,P3,Access Request,Database Ops,72,34.76,Met
INC00831,2026-07-22 19:15:00,2026-07-23 15:51:37.854568,P3,Payment Failure,App Support,72,20.61,Met
INC00832,2026-08-08 12:19:00,2026-08-11 06:42:49.188662,P3,Access Request,App Support,72,66.4,Met
INC00833,2026-07-20 11:29:00,2026-07-25 01:37:03.892649,P4,Login Issue,Network Support,120,110.13,Met
INC00834,2026-07-04 01:43:00,2026-07-04 21:31:21.521504,P3,System Outage,Access Management,72,19.81,Met
INC00835,2026-05-26 14:12:00,2026-05-26 17:27:10.580313,P1,System Outage,App Support,4,3.25,Met
INC00836,2026-04-15 02:54:00,2026-04-15 21:00:10.191983,P2,System Outage,App Support,24,18.1,Met
INC00837,2026-08-09 11:45:00,2026-08-17 21:42:50.231327,P3,Data Discrepancy,App Support,72,201.96,Breached
INC00838,2026-07-01 21:29:00,2026-07-02 16:25:03.323415,P3,Report Delay,App Support,72,18.93,Met
INC00839,2026-04-22 10:36:00,2026-04-23 06:17:23.898172,P2,Report Delay,Database Ops,24,19.69,Met
INC00840,2026-06-30 04:22:00,2026-06-30 18:51:21.551984,P3,Report Delay,Network Support,72,14.49,Met
INC00841,2026-08-01 20:07:00,2026-08-02 09:56:07.647928,P2,Payment Failure,Access Management,24,13.82,Met
INC00842,2026-06-27 13:54:00,2026-07-02 00:46:36.662491,P4,System Outage,Database Ops,120,106.88,Met
INC00843,2026-08-16 09:57:00,2026-08-19 00:27:36.879714,P2,Performance Issue,Database Ops,24,62.51,Breached
INC00844,2026-06-11 03:41:00,2026-06-12 10:07:23.745030,P3,Data Discrepancy,Network Support,72,30.44,Met
INC00845,2026-03-19 01:11:00,2026-03-22 01:32:18.470977,P4,Access Request,Database Ops,120,72.36,Met
INC00846,2026-07-05 11:08:00,2026-07-06 11:26:49.473690,P3,System Outage,Network Support,72,24.31,Met
INC00847,2026-06-20 07:35:00,2026-06-22 16:04:49.540878,P4,Data Discrepancy,Access Management,120,56.5,Met
INC00848,2026-05-25 20:43:00,2026-05-28 13:00:29.409489,P3,Performance Issue,Database Ops,72,64.29,Met
INC00849,2026-08-01 05:37:00,2026-08-03 05:39:58.080032,P2,System Outage,App Support,24,48.05,Breached
INC00850,2026-06-30 05:16:00,2026-06-30 23:42:12.658739,P4,Report Delay,App Support,120,18.44,Met
INC00851,2026-07-27 23:05:00,2026-07-29 11:13:03.112210,P4,Login Issue,Database Ops,120,36.13,Met
INC00852,2026-04-26 19:31:00,2026-04-27 19:10:07.877291,P4,Payment Failure,App Support,120,23.65,Met
INC00853,2026-08-17 09:25:00,2026-08-21 06:11:38.760752,P4,Login Issue,Access Management,120,92.78,Met
INC00854,2026-05-26 06:39:00,2026-05-27 05:12:16.154539,P3,Performance Issue,Network Support,72,22.55,Met
INC00855,2026-05-23 02:50:00,2026-05-24 20:58:22.242083,P3,Data Discrepancy,App Support,72,42.14,Met
INC00856,2026-07-03 11:52:00,2026-07-11 03:56:13.170852,P3,Report Delay,App Support,72,184.07,Breached
INC00857,2026-08-11 00:46:00,2026-08-13 17:31:19.301849,P4,Payment Failure,Database Ops,120,64.76,Met
INC00858,2026-06-02 18:57:00,2026-06-04 11:42:20.420175,P4,Login Issue,Access Management,120,40.76,Met
INC00859,2026-04-22 07:17:00,2026-04-25 09:32:25.296471,P4,Data Discrepancy,App Support,120,74.26,Met
INC00860,2026-03-29 02:25:00,2026-03-29 06:54:17.838692,P2,Performance Issue,Access Management,24,4.49,Met
INC00861,2026-06-16 17:12:00,2026-06-20 04:04:54.029056,P4,Performance Issue,Network Support,120,82.88,Met
INC00862,2026-05-27 11:15:00,2026-06-04 00:31:38.548394,P3,Login Issue,Access Management,72,181.28,Breached
INC00863,2026-07-19 04:10:00,2026-07-19 19:17:10.230058,P2,Access Request,App Support,24,15.12,Met
INC00864,2026-06-14 23:06:00,2026-06-16 23:41:44.088638,P3,Performance Issue,Database Ops,72,48.6,Met
INC00865,2026-05-24 05:00:00,2026-05-24 21:35:39.182372,P2,Access Request,Network Support,24,16.59,Met
INC00866,2026-05-24 15:44:00,2026-05-29 08:10:05.124171,P4,Access Request,Database Ops,120,112.43,Met
INC00867,2026-05-07 07:15:00,2026-05-09 03:40:34.596210,P4,System Outage,Access Management,120,44.43,Met
INC00868,2026-06-05 08:11:00,2026-06-07 06:13:05.480973,P3,System Outage,Access Management,72,46.03,Met
INC00869,2026-06-18 01:12:00,2026-06-18 13:33:27.352390,P2,Payment Failure,App Support,24,12.36,Met
INC00870,2026-08-13 03:52:00,2026-08-13 20:33:47.370218,P2,Access Request,Access Management,24,16.7,Met
INC00871,2026-08-18 14:37:00,2026-08-20 19:19:39.104083,P4,Data Discrepancy,Database Ops,120,52.71,Met
INC00872,2026-03-04 17:15:00,2026-03-05 15:34:22.799284,P2,System Outage,App Support,24,22.32,Met
INC00873,2026-03-09 20:17:00,2026-03-12 15:37:32.925662,P4,Login Issue,Database Ops,120,67.34,Met
INC00874,2026-03-04 08:44:00,2026-03-04 17:05:01.967021,P2,System Outage,Access Management,24,8.35,Met
INC00875,2026-03-01 06:31:00,2026-03-01 17:04:34.752863,P2,Report Delay,Access Management,24,10.56,Met
INC00876,2026-08-17 21:38:00,2026-08-23 03:12:03.522964,P3,Performance Issue,App Support,72,125.57,Breached
INC00877,2026-04-28 08:03:00,2026-04-28 08:28:30.001265,P1,Performance Issue,App Support,4,0.43,Met
INC00878,2026-08-06 14:39:00,2026-08-06 16:47:57.352732,P1,Performance Issue,Access Management,4,2.15,Met
INC00879,2026-05-19 14:12:00,2026-05-21 01:21:41.579965,P3,Data Discrepancy,Access Management,72,35.16,Met
INC00880,2026-06-21 21:49:00,2026-06-23 10:25:36.966165,P3,Login Issue,Access Management,72,36.61,Met
INC00881,2026-04-25 03:30:00,2026-04-26 00:12:27.396935,P3,Data Discrepancy,Network Support,72,20.71,Met
INC00882,2026-07-29 15:36:00,2026-07-29 17:42:33.662345,P1,Access Request,Network Support,4,2.11,Met
INC00883,2026-04-14 17:13:00,2026-04-16 11:35:53.971089,P4,System Outage,Database Ops,120,42.38,Met
INC00884,2026-03-07 11:52:00,2026-03-10 04:35:24.137834,P3,Access Request,Database Ops,72,64.72,Met
INC00885,2026-04-11 08:12:00,2026-04-21 02:51:13.944101,P4,Payment Failure,App Support,120,234.65,Breached
INC00886,2026-07-06 18:20:00,2026-07-14 04:05:30.536036,P3,Performance Issue,App Support,72,177.76,Breached
INC00887,2026-04-18 08:16:00,2026-04-18 13:24:32.790906,P2,Performance Issue,Access Management,24,5.14,Met
INC00888,2026-08-13 10:18:00,2026-08-13 18:08:36.273631,P3,Data Discrepancy,Access Management,72,7.84,Met
INC00889,2026-04-12 16:35:00,2026-04-14 20:16:57.404759,P4,Data Discrepancy,Network Support,120,51.7,Met
INC00890,2026-03-21 15:55:00,2026-03-22 09:04:06.314483,P4,Data Discrepancy,App Support,120,17.15,Met
INC00891,2026-03-05 23:20:00,2026-03-07 16:09:12.458233,P4,Access Request,Database Ops,120,40.82,Met
INC00892,2026-07-09 09:20:00,2026-07-10 19:55:24.624717,P3,Login Issue,Database Ops,72,34.59,Met
INC00893,2026-04-24 19:51:00,2026-04-27 08:16:28.189159,P3,Performance Issue,Access Management,72,60.42,Met
INC00894,2026-06-23 20:12:00,2026-06-27 17:12:23.757200,P4,Access Request,App Support,120,93.01,Met
INC00895,2026-07-13 21:41:00,2026-07-16 16:30:44.740745,P4,Login Issue,Database Ops,120,66.83,Met
INC00896,2026-05-02 03:18:00,2026-05-03 02:00:23.755909,P2,Access Request,App Support,24,22.71,Met
INC00897,2026-05-20 06:35:00,2026-05-23 21:24:14.502650,P3,Login Issue,Network Support,72,86.82,Breached
INC00898,2026-03-29 08:03:00,2026-03-29 10:48:46.434429,P1,Payment Failure,App Support,4,2.76,Met
INC00899,2026-03-12 17:16:00,2026-03-16 16:37:12.553827,P4,Performance Issue,Network Support,120,95.35,Met
INC00900,2026-04-01 08:14:00,2026-04-10 00:48:20.334162,P4,Report Delay,App Support,120,208.57,Breached
INC00901,2026-06-17 11:19:00,2026-06-18 22:12:13.430182,P4,Login Issue,App Support,120,34.89,Met
INC00902,2026-04-28 06:59:00,2026-04-29 02:37:01.934362,P2,Report Delay,Access Management,24,19.63,Met
INC00903,2026-08-14 16:28:00,2026-08-17 02:22:40.340109,P4,Performance Issue,App Support,120,57.91,Met
INC00904,2026-08-11 17:59:00,2026-08-13 22:13:12.832316,P4,Report Delay,Network Support,120,52.24,Met
INC00905,2026-08-26 02:17:00,2026-08-26 11:47:00.935610,P2,System Outage,Database Ops,24,9.5,Met
INC00906,2026-07-31 11:01:00,2026-08-03 21:10:08.852577,P4,Performance Issue,Access Management,120,82.15,Met
INC00907,2026-08-13 22:03:00,2026-08-15 00:13:29.413821,P4,Performance Issue,Network Support,120,26.17,Met
INC00908,2026-06-14 04:43:00,2026-06-14 11:28:07.086863,P1,System Outage,Database Ops,4,6.75,Breached
INC00909,2026-05-13 14:29:00,2026-05-15 21:48:24.590317,P3,Performance Issue,App Support,72,55.32,Met
INC00910,2026-06-27 01:05:00,2026-06-27 04:50:14.605795,P1,Report Delay,App Support,4,3.75,Met
INC00911,2026-03-15 13:05:00,2026-03-17 00:27:19.696438,P3,Report Delay,Database Ops,72,35.37,Met
INC00912,2026-05-13 18:02:00,2026-05-15 18:28:59.543506,P2,Login Issue,Database Ops,24,48.45,Breached
INC00913,2026-05-05 03:09:00,2026-05-05 10:25:13.930069,P2,Data Discrepancy,Database Ops,24,7.27,Met
INC00914,2026-07-15 12:18:00,2026-07-18 00:30:47.139377,P3,Report Delay,Database Ops,72,60.21,Met
INC00915,2026-06-09 07:47:00,2026-06-10 22:59:46.958552,P4,System Outage,Network Support,120,39.21,Met
INC00916,2026-05-07 13:13:00,2026-05-19 04:09:33.338496,P4,System Outage,Access Management,120,278.94,Breached
INC00917,2026-05-20 08:01:00,2026-05-22 05:04:31.413557,P2,System Outage,Access Management,24,45.06,Breached
INC00918,2026-03-22 14:42:00,2026-03-24 08:40:46.234457,P4,Payment Failure,Access Management,120,41.98,Met
INC00919,2026-05-23 06:38:00,2026-05-29 18:26:24.135284,P4,Access Request,Access Management,120,155.81,Breached
INC00920,2026-06-05 07:53:00,2026-06-06 07:53:34.384432,P3,Report Delay,Access Management,72,24.01,Met
INC00921,2026-03-11 06:52:00,2026-03-13 04:43:41.083206,P3,Payment Failure,Database Ops,72,45.86,Met
INC00922,2026-05-14 12:06:00,2026-05-14 15:39:38.911198,P1,Performance Issue,Access Management,4,3.56,Met
INC00923,2026-08-25 15:24:00,2026-08-27 09:47:29.050780,P4,Access Request,Database Ops,120,42.39,Met
INC00924,2026-07-29 13:05:00,2026-07-30 09:50:17.131678,P2,System Outage,Network Support,24,20.75,Met
INC00925,2026-06-21 07:36:00,2026-06-22 07:03:07.649994,P3,Payment Failure,Database Ops,72,23.45,Met
INC00926,2026-03-18 05:53:00,2026-03-20 04:07:11.995807,P2,Performance Issue,Access Management,24,46.24,Breached
INC00927,2026-08-17 15:43:00,2026-08-18 08:54:50.252367,P3,Data Discrepancy,App Support,72,17.2,Met
INC00928,2026-08-03 01:29:00,2026-08-03 09:19:59.060491,P2,Access Request,Database Ops,24,7.85,Met
INC00929,2026-04-14 19:23:00,2026-04-15 21:54:24.586435,P3,Access Request,Database Ops,72,26.52,Met
INC00930,2026-03-07 09:46:00,2026-03-07 20:01:18.663612,P2,Performance Issue,Access Management,24,10.26,Met
INC00931,2026-07-21 15:30:00,2026-07-24 07:45:34.942565,P3,Data Discrepancy,Network Support,72,64.26,Met
INC00932,2026-04-08 03:02:00,2026-04-08 17:43:56.453299,P2,Report Delay,Network Support,24,14.7,Met
INC00933,2026-08-02 00:20:00,2026-08-03 23:48:25.698400,P4,Payment Failure,Database Ops,120,47.47,Met
INC00934,2026-06-19 17:58:00,2026-06-19 22:59:06.018611,P2,Performance Issue,Access Management,24,5.02,Met
INC00935,2026-03-25 10:37:00,2026-03-26 20:18:30.326007,P4,Payment Failure,App Support,120,33.69,Met
INC00936,2026-05-08 08:01:00,2026-05-08 11:04:59.480704,P1,Performance Issue,App Support,4,3.07,Met
INC00937,2026-08-11 21:20:00,2026-08-14 20:04:56.801564,P2,Login Issue,Database Ops,24,70.75,Breached
INC00938,2026-05-29 05:43:00,2026-06-03 11:50:46.117231,P3,Performance Issue,Database Ops,72,126.13,Breached
INC00939,2026-07-22 04:02:00,2026-07-23 00:36:22.712970,P2,Performance Issue,Database Ops,24,20.57,Met
INC00940,2026-08-29 05:25:00,2026-08-29 13:01:06.792121,P1,Data Discrepancy,Network Support,4,7.6,Breached
INC00941,2026-03-08 00:52:00,2026-03-09 22:55:28.987545,P4,Report Delay,App Support,120,46.06,Met
INC00942,2026-03-20 07:57:00,2026-03-23 12:24:06.394475,P4,Access Request,Access Management,120,76.45,Met
INC00943,2026-06-02 09:28:00,2026-06-04 21:53:13.897968,P3,Access Request,App Support,72,60.42,Met
INC00944,2026-05-10 22:40:00,2026-05-11 06:56:15.206506,P3,System Outage,Access Management,72,8.27,Met
INC00945,2026-03-14 20:32:00,2026-03-15 21:07:03.744273,P3,Report Delay,Access Management,72,24.58,Met
INC00946,2026-03-29 18:48:00,2026-04-01 18:02:13.602853,P4,Performance Issue,Network Support,120,71.24,Met
INC00947,2026-07-13 09:35:00,2026-07-16 20:21:26.553041,P4,Payment Failure,Network Support,120,82.77,Met
INC00948,2026-08-02 00:22:00,2026-08-03 07:08:42.005938,P4,Data Discrepancy,Network Support,120,30.78,Met
INC00949,2026-07-03 05:52:00,2026-07-06 17:36:03.398023,P4,Performance Issue,App Support,120,83.73,Met
INC00950,2026-04-06 19:38:00,2026-04-06 21:03:11.247115,P1,Login Issue,Network Support,4,1.42,Met
INC00951,2026-06-25 19:44:00,2026-06-26 13:07:24.061486,P3,Data Discrepancy,Database Ops,72,17.39,Met
INC00952,2026-04-14 12:00:00,2026-04-17 08:24:14.979370,P2,System Outage,Access Management,24,68.4,Breached
INC00953,2026-03-16 16:50:00,2026-03-17 20:49:22.429401,P4,Login Issue,App Support,120,27.99,Met
INC00954,2026-05-18 18:03:00,2026-05-20 02:03:53.519729,P3,Payment Failure,Database Ops,72,32.01,Met
INC00955,2026-06-11 08:41:00,2026-06-14 01:04:10.904769,P2,Performance Issue,Database Ops,24,64.39,Breached
INC00956,2026-04-18 00:36:00,2026-04-18 07:11:40.842057,P2,Performance Issue,Database Ops,24,6.59,Met
INC00957,2026-03-20 17:52:00,2026-03-21 10:04:25.664004,P2,Login Issue,Access Management,24,16.21,Met
INC00958,2026-06-20 21:35:00,2026-06-22 04:45:21.057887,P2,Payment Failure,Database Ops,24,31.17,Breached
INC00959,2026-07-06 18:21:00,2026-07-10 09:10:53.650982,P4,Access Request,Network Support,120,86.83,Met
INC00960,2026-05-07 03:51:00,2026-05-08 08:43:07.504378,P3,Login Issue,App Support,72,28.87,Met
INC00961,2026-03-21 03:43:00,2026-03-22 03:12:07.453516,P3,Data Discrepancy,App Support,72,23.49,Met
INC00962,2026-05-19 18:08:00,2026-05-20 22:14:54.104941,P3,Payment Failure,Access Management,72,28.12,Met
INC00963,2026-07-20 00:34:00,2026-07-20 05:58:06.234866,P1,Report Delay,Access Management,4,5.4,Breached
INC00964,2026-04-10 18:58:00,2026-04-11 05:10:35.284512,P2,System Outage,Network Support,24,10.21,Met
INC00965,2026-03-12 02:04:00,2026-03-14 18:33:38.420617,P3,Payment Failure,Database Ops,72,64.49,Met
INC00966,2026-04-14 09:08:00,2026-04-14 21:12:16.160836,P2,Payment Failure,Network Support,24,12.07,Met
INC00967,2026-03-29 17:13:00,2026-03-30 02:03:26.559770,P2,Payment Failure,Network Support,24,8.84,Met
INC00968,2026-03-04 17:49:00,2026-03-08 17:45:46.912537,P4,Report Delay,App Support,120,95.95,Met
INC00969,2026-06-22 09:37:00,2026-07-06 12:59:50.481994,P4,Performance Issue,Access Management,120,339.38,Breached
INC00970,2026-04-26 05:12:00,2026-04-29 12:48:42.114019,P4,System Outage,Access Management,120,79.61,Met
INC00971,2026-04-13 01:43:00,2026-04-17 18:32:33.705904,P4,Access Request,Network Support,120,112.83,Met
INC00972,2026-04-02 02:29:00,2026-04-02 12:49:28.105139,P1,Payment Failure,Network Support,4,10.34,Breached
INC00973,2026-07-15 01:02:00,2026-07-15 11:55:22.859904,P2,Access Request,Database Ops,24,10.89,Met
INC00974,2026-04-24 22:08:00,2026-05-01 18:52:44.427119,P4,System Outage,Access Management,120,164.75,Breached
INC00975,2026-04-16 01:31:00,2026-04-20 03:29:49.581158,P4,Payment Failure,App Support,120,97.98,Met
INC00976,2026-04-25 10:24:00,2026-04-28 01:24:12.453797,P4,Performance Issue,App Support,120,63.0,Met
INC00977,2026-05-06 12:02:00,2026-05-08 21:10:33.624727,P3,Access Request,App Support,72,57.14,Met
INC00978,2026-04-18 09:11:00,2026-04-21 10:49:20.582958,P4,Performance Issue,App Support,120,73.64,Met
INC00979,2026-05-24 03:39:00,2026-05-31 02:54:39.130219,P3,Access Request,Database Ops,72,167.26,Breached
INC00980,2026-07-03 07:33:00,2026-07-06 01:29:11.177353,P3,System Outage,Access Management,72,65.94,Met
INC00981,2026-03-05 10:14:00,2026-03-17 11:30:20.655794,P4,Report Delay,Access Management,120,289.27,Breached
INC00982,2026-03-27 18:49:00,2026-04-02 11:50:24.706449,P3,Login Issue,Network Support,72,137.02,Breached
INC00983,2026-06-05 14:15:00,2026-06-07 09:27:43.170897,P3,System Outage,Access Management,72,43.21,Met
INC00984,2026-06-25 04:48:00,2026-06-25 12:28:09.583515,P2,Access Request,Access Management,24,7.67,Met
INC00985,2026-03-23 00:42:00,2026-03-23 18:23:03.316349,P4,Payment Failure,Access Management,120,17.68,Met
INC00986,2026-08-08 15:00:00,2026-08-10 08:40:54.975848,P4,Data Discrepancy,App Support,120,41.68,Met
INC00987,2026-06-14 23:17:00,2026-06-17 13:30:17.180283,P4,Payment Failure,Network Support,120,62.22,Met
INC00988,2026-08-04 05:13:00,2026-08-06 22:41:42.807682,P3,Performance Issue,Access Management,72,65.48,Met
INC00989,2026-03-22 18:22:00,2026-03-23 10:42:43.796477,P3,Login Issue,Network Support,72,16.35,Met
INC00990,2026-07-16 20:54:00,2026-07-17 14:10:17.193993,P3,Payment Failure,Network Support,72,17.27,Met
INC00991,2026-04-20 01:34:00,2026-04-20 22:09:23.017704,P4,Report Delay,App Support,120,20.59,Met
INC00992,2026-07-25 02:17:00,2026-07-25 20:10:48.628530,P3,Access Request,Database Ops,72,17.9,Met
INC00993,2026-06-02 03:04:00,2026-06-02 05:33:57.535858,P2,Access Request,App Support,24,2.5,Met
INC00994,2026-04-10 01:36:00,2026-04-11 00:09:19.745374,P2,Report Delay,App Support,24,22.56,Met
INC00995,2026-04-27 13:28:00,2026-04-29 06:09:27.691737,P4,System Outage,Database Ops,120,40.69,Met
INC00996,2026-04-12 15:09:00,2026-04-15 01:34:46.864861,P2,Report Delay,App Support,24,58.43,Breached
INC00997,2026-05-05 05:30:00,2026-05-05 10:53:26.913578,P2,Report Delay,App Support,24,5.39,Met
INC00998,2026-03-25 15:00:00,2026-03-28 19:34:28.858449,P4,Payment Failure,Network Support,120,76.57,Met
INC00999,2026-07-27 00:20:00,2026-07-27 16:03:31.091264,P3,Performance Issue,Access Management,72,15.73,Met
INC01000,2026-03-28 12:16:00,2026-03-28 12:57:49.981728,P1,System Outage,Database Ops,4,0.7,Met
INC01001,2026-04-15 21:22:00,2026-04-17 14:51:36.002812,P4,Report Delay,Network Support,120,41.49,Met
INC01002,2026-08-06 00:38:00,2026-08-06 01:05:27.702143,P1,System Outage,Access Management,4,0.46,Met
INC01003,2026-05-26 01:39:00,2026-05-26 05:13:10.946659,P1,Performance Issue,Network Support,4,3.57,Met
INC01004,2026-07-11 19:44:00,2026-07-15 08:31:52.938186,P4,Access Request,App Support,120,84.8,Met
INC01005,2026-03-25 01:56:00,2026-03-27 15:25:58.720827,P4,Login Issue,Database Ops,120,61.5,Met
INC01006,2026-04-20 04:12:00,2026-04-22 00:35:45.745594,P3,Login Issue,Database Ops,72,44.4,Met
INC01007,2026-06-02 04:33:00,2026-06-03 03:14:44.783193,P3,Performance Issue,App Support,72,22.7,Met
INC01008,2026-04-22 19:30:00,2026-04-26 10:28:21.601951,P4,Login Issue,Access Management,120,86.97,Met
INC01009,2026-03-16 17:51:00,2026-03-19 05:16:15.706820,P3,Performance Issue,Network Support,72,59.42,Met
INC01010,2026-06-20 14:43:00,2026-06-23 01:56:54.675119,P2,Payment Failure,Network Support,24,59.23,Breached
INC01011,2026-03-15 03:48:00,2026-03-16 15:50:22.626696,P4,Login Issue,App Support,120,36.04,Met
INC01012,2026-04-18 17:06:00,2026-04-19 09:38:23.719222,P4,Performance Issue,Access Management,120,16.54,Met
INC01013,2026-03-29 22:52:00,2026-03-31 13:02:32.732346,P3,Login Issue,Network Support,72,38.18,Met
INC01014,2026-04-26 10:16:00,2026-04-29 04:15:07.006958,P4,Data Discrepancy,Database Ops,120,65.99,Met
INC01015,2026-05-16 17:22:00,2026-05-17 11:01:14.993539,P4,Payment Failure,Network Support,120,17.65,Met
INC01016,2026-08-29 16:18:00,2026-09-01 00:05:24.184265,P3,Access Request,App Support,72,55.79,Met
INC01017,2026-05-13 09:23:00,2026-05-14 11:15:19.563000,P3,Payment Failure,Network Support,72,25.87,Met
INC01018,2026-07-05 16:15:00,2026-07-08 05:08:28.881078,P3,Data Discrepancy,Access Management,72,60.89,Met
INC01019,2026-03-21 17:42:00,2026-03-22 01:22:04.177166,P2,Login Issue,App Support,24,7.67,Met
INC01020,2026-07-26 01:08:00,2026-07-26 09:37:39.729080,P3,Report Delay,Access Management,72,8.49,Met
INC01021,2026-04-24 00:36:00,2026-04-27 16:17:00.707622,P4,Performance Issue,Network Support,120,87.68,Met
INC01022,2026-07-20 21:06:00,2026-07-24 10:48:49.408547,P4,Report Delay,Database Ops,120,85.71,Met
INC01023,2026-03-17 13:39:00,2026-03-17 18:34:14.722835,P2,Access Request,Database Ops,24,4.92,Met
INC01024,2026-03-25 19:17:00,2026-03-30 04:34:55.842556,P4,Login Issue,Access Management,120,105.3,Met
INC01025,2026-05-11 19:53:00,2026-05-12 06:16:01.873708,P3,Access Request,Access Management,72,10.38,Met
INC01026,2026-03-11 16:47:00,2026-03-11 19:39:25.045869,P1,Report Delay,Access Management,4,2.87,Met
INC01027,2026-08-18 04:36:00,2026-08-19 20:49:38.285331,P3,Payment Failure,Access Management,72,40.23,Met
INC01028,2026-03-15 19:03:00,2026-03-15 19:49:51.023368,P1,Report Delay,App Support,4,0.78,Met
INC01029,2026-08-03 23:01:00,2026-08-06 11:49:25.563448,P3,Access Request,App Support,72,60.81,Met
INC01030,2026-04-19 13:53:00,2026-04-20 12:33:08.381012,P2,Report Delay,Database Ops,24,22.67,Met
INC01031,2026-05-06 20:38:00,2026-05-08 03:44:33.741775,P4,Performance Issue,Network Support,120,31.11,Met
INC01032,2026-08-18 14:18:00,2026-08-21 04:38:05.855292,P4,System Outage,Access Management,120,62.33,Met
INC01033,2026-07-29 12:04:00,2026-07-29 20:10:57.697347,P1,Login Issue,Network Support,4,8.12,Breached
INC01034,2026-06-09 20:57:00,2026-06-12 07:52:05.269106,P4,Login Issue,Access Management,120,58.92,Met
INC01035,2026-06-03 01:05:00,2026-06-04 18:39:10.501939,P3,System Outage,Access Management,72,41.57,Met
INC01036,2026-03-02 14:22:00,2026-03-03 02:56:54.539851,P2,Data Discrepancy,Access Management,24,12.58,Met
INC01037,2026-08-05 16:31:00,2026-08-06 17:54:22.213562,P3,Data Discrepancy,Database Ops,72,25.39,Met
INC01038,2026-06-28 23:37:00,2026-06-29 21:08:28.617301,P2,Report Delay,App Support,24,21.52,Met
INC01039,2026-05-04 17:43:00,2026-05-07 15:40:03.172799,P2,System Outage,Database Ops,24,69.95,Breached
INC01040,2026-08-09 10:21:00,2026-08-11 16:30:26.948390,P3,Payment Failure,Access Management,72,54.16,Met
INC01041,2026-03-24 07:41:00,2026-03-26 09:15:54.687292,P3,System Outage,Database Ops,72,49.58,Met
INC01042,2026-04-18 01:29:00,2026-04-20 23:11:20.471973,P4,Payment Failure,Network Support,120,69.71,Met
INC01043,2026-03-07 07:27:00,2026-03-09 10:08:12.861442,P4,Performance Issue,App Support,120,50.69,Met
INC01044,2026-07-10 09:17:00,2026-07-10 21:56:53.478028,P2,Data Discrepancy,Access Management,24,12.66,Met
INC01045,2026-06-16 14:41:00,2026-06-16 15:37:28.107188,P1,System Outage,Database Ops,4,0.94,Met
INC01046,2026-03-07 22:06:00,2026-03-14 07:44:11.173447,P3,Payment Failure,Network Support,72,153.64,Breached
INC01047,2026-04-10 15:44:00,2026-04-14 05:11:04.881667,P4,System Outage,Network Support,120,85.45,Met
INC01048,2026-06-27 14:15:00,2026-06-28 04:31:30.228130,P3,System Outage,Database Ops,72,14.28,Met
INC01049,2026-03-28 20:58:00,2026-03-28 22:05:57.265985,P1,Payment Failure,Database Ops,4,1.13,Met
INC01050,2026-03-03 04:40:00,2026-03-07 12:46:31.835147,P4,System Outage,App Support,120,104.11,Met
INC01051,2026-08-15 11:28:00,2026-08-18 19:53:41.586507,P4,Performance Issue,App Support,120,80.43,Met
INC01052,2026-08-30 07:36:00,2026-09-01 03:56:08.610807,P3,Data Discrepancy,Access Management,72,44.34,Met
INC01053,2026-07-25 00:42:00,2026-07-26 11:05:59.231794,P3,Access Request,Network Support,72,34.4,Met
INC01054,2026-04-26 09:33:00,2026-04-28 14:19:09.605744,P3,Payment Failure,Database Ops,72,52.77,Met
INC01055,2026-04-23 19:49:00,2026-04-25 19:32:08.491735,P4,Performance Issue,App Support,120,47.72,Met
INC01056,2026-04-15 21:10:00,2026-04-16 11:22:48.274985,P4,Report Delay,Network Support,120,14.21,Met
INC01057,2026-07-14 21:36:00,2026-07-15 07:29:37.487442,P2,Performance Issue,Access Management,24,9.89,Met
INC01058,2026-08-08 14:45:00,2026-08-10 06:13:58.164683,P4,Login Issue,Network Support,120,39.48,Met
INC01059,2026-07-27 20:04:00,2026-08-08 04:59:38.914133,P4,Login Issue,Network Support,120,272.93,Breached
INC01060,2026-04-26 14:45:00,2026-04-28 14:52:21.569361,P3,Login Issue,Database Ops,72,48.12,Met
INC01061,2026-07-16 16:48:00,2026-07-18 20:12:34.379957,P4,System Outage,Database Ops,120,51.41,Met
INC01062,2026-04-25 07:00:00,2026-04-26 18:23:44.105591,P3,Data Discrepancy,Access Management,72,35.4,Met
INC01063,2026-05-16 19:30:00,2026-05-17 14:20:15.302159,P2,System Outage,Access Management,24,18.84,Met
INC01064,2026-05-14 23:32:00,2026-05-19 17:27:56.282010,P4,Performance Issue,Access Management,120,113.93,Met
INC01065,2026-04-24 06:41:00,2026-04-24 08:36:17.403033,P1,Login Issue,Network Support,4,1.92,Met
INC01066,2026-05-16 22:54:00,2026-05-19 10:24:14.432120,P4,Login Issue,App Support,120,59.5,Met
INC01067,2026-06-01 17:27:00,2026-06-03 15:20:09.213436,P3,Performance Issue,Network Support,72,45.89,Met
INC01068,2026-07-18 04:08:00,2026-07-21 05:59:04.982156,P4,Data Discrepancy,Database Ops,120,73.85,Met
INC01069,2026-05-24 12:30:00,2026-05-24 22:59:10.540357,P3,Data Discrepancy,Network Support,72,10.49,Met
INC01070,2026-04-12 18:34:00,2026-04-13 11:55:02.520140,P2,Report Delay,App Support,24,17.35,Met
INC01071,2026-04-06 22:49:00,2026-04-10 04:59:15.542995,P4,System Outage,Database Ops,120,78.17,Met
INC01072,2026-05-20 09:11:00,2026-05-21 22:52:21.066394,P3,Performance Issue,Access Management,72,37.69,Met
INC01073,2026-06-21 17:19:00,2026-06-25 00:40:15.316965,P4,Data Discrepancy,App Support,120,79.35,Met
INC01074,2026-06-13 03:25:00,2026-06-13 23:10:34.089633,P3,Performance Issue,Network Support,72,19.76,Met
INC01075,2026-08-14 09:47:00,2026-08-15 06:51:28.165836,P2,Payment Failure,Database Ops,24,21.07,Met
INC01076,2026-06-30 11:42:00,2026-07-01 15:29:03.690510,P3,Data Discrepancy,Network Support,72,27.78,Met
INC01077,2026-07-22 07:24:00,2026-07-22 21:51:08.684942,P2,Data Discrepancy,Database Ops,24,14.45,Met
INC01078,2026-06-29 11:52:00,2026-07-02 09:12:19.553605,P4,Access Request,Database Ops,120,69.34,Met
INC01079,2026-08-29 13:21:00,2026-09-01 00:42:41.283712,P2,Report Delay,App Support,24,59.36,Breached
INC01080,2026-08-25 01:10:00,2026-08-26 10:44:35.248104,P3,Report Delay,App Support,72,33.58,Met
INC01081,2026-06-30 16:53:00,2026-07-03 07:34:13.854384,P3,Performance Issue,App Support,72,62.69,Met
INC01082,2026-07-09 05:19:00,2026-07-10 04:44:55.148078,P3,System Outage,App Support,72,23.43,Met
INC01083,2026-07-16 02:19:00,2026-07-20 05:13:03.109906,P4,Report Delay,Database Ops,120,98.9,Met
INC01084,2026-08-24 03:22:00,2026-08-24 14:55:40.684358,P2,Data Discrepancy,Database Ops,24,11.56,Met
INC01085,2026-08-22 01:35:00,2026-08-22 15:56:51.631468,P3,Data Discrepancy,Access Management,72,14.36,Met
INC01086,2026-03-19 02:17:00,2026-03-19 12:57:42.840051,P2,Performance Issue,App Support,24,10.68,Met
INC01087,2026-07-24 19:47:00,2026-07-25 01:31:20.340744,P2,Login Issue,Access Management,24,5.74,Met
INC01088,2026-05-10 13:54:00,2026-05-11 01:38:30.347122,P1,Access Request,Access Management,4,11.74,Breached
INC01089,2026-03-25 06:41:00,2026-03-26 02:11:42.927178,P3,Login Issue,Database Ops,72,19.51,Met
INC01090,2026-03-11 08:11:00,2026-03-12 08:56:00.478464,P3,System Outage,Network Support,72,24.75,Met
INC01091,2026-05-22 09:36:00,2026-05-24 23:41:52.429129,P2,System Outage,App Support,24,62.1,Breached
INC01092,2026-08-06 12:30:00,2026-08-11 04:32:15.503236,P4,Report Delay,App Support,120,112.04,Met
INC01093,2026-05-14 01:15:00,2026-05-14 22:10:05.218770,P2,Access Request,Access Management,24,20.92,Met
INC01094,2026-06-10 07:12:00,2026-06-11 18:55:32.138181,P4,Report Delay,Access Management,120,35.73,Met
INC01095,2026-03-26 06:56:00,2026-03-28 07:05:43.572533,P3,Access Request,Database Ops,72,48.16,Met
INC01096,2026-03-19 03:57:00,2026-03-20 21:21:28.577896,P3,Access Request,Access Management,72,41.41,Met
INC01097,2026-07-31 00:00:00,2026-07-31 16:02:22.246189,P3,System Outage,Database Ops,72,16.04,Met
INC01098,2026-05-16 04:19:00,2026-05-17 03:20:57.901094,P3,Login Issue,App Support,72,23.03,Met
INC01099,2026-07-23 22:45:00,2026-07-24 20:38:08.063786,P2,Access Request,Network Support,24,21.89,Met
INC01100,2026-07-31 01:54:00,2026-07-31 20:43:25.987056,P3,Data Discrepancy,Access Management,72,18.82,Met
INC01101,2026-06-26 04:54:00,2026-06-26 18:46:01.423220,P2,System Outage,Network Support,24,13.87,Met
INC01102,2026-05-20 20:45:00,2026-05-21 00:16:41.267129,P1,System Outage,Network Support,4,3.53,Met
INC01103,2026-05-27 02:24:00,2026-05-29 17:27:03.887821,P3,Data Discrepancy,Access Management,72,63.05,Met
INC01104,2026-07-28 13:48:00,2026-07-29 00:00:28.373361,P3,Payment Failure,Network Support,72,10.21,Met
INC01105,2026-07-06 13:23:00,2026-07-09 16:14:23.566434,P4,Login Issue,App Support,120,74.86,Met
INC01106,2026-03-12 11:28:00,2026-03-13 21:59:00.840940,P3,Access Request,Network Support,72,34.52,Met
INC01107,2026-06-29 01:09:00,2026-07-03 00:38:47.434193,P4,System Outage,Access Management,120,95.5,Met
INC01108,2026-06-27 22:26:00,2026-06-29 11:42:36.729035,P4,Data Discrepancy,Network Support,120,37.28,Met
INC01109,2026-03-22 08:23:00,2026-03-22 19:24:23.276706,P2,Report Delay,Access Management,24,11.02,Met
INC01110,2026-06-14 00:59:00,2026-06-14 09:12:52.195990,P2,Data Discrepancy,Database Ops,24,8.23,Met
INC01111,2026-04-08 06:10:00,2026-04-09 22:59:07.584778,P3,Access Request,App Support,72,40.82,Met
INC01112,2026-07-30 08:30:00,2026-07-31 05:12:39.792232,P4,System Outage,App Support,120,20.71,Met
INC01113,2026-03-03 10:30:00,2026-03-04 07:43:50.245434,P4,Report Delay,Database Ops,120,21.23,Met
INC01114,2026-05-31 09:37:00,2026-06-01 05:32:23.531381,P2,Performance Issue,Database Ops,24,19.92,Met
INC01115,2026-06-24 08:23:00,2026-06-27 08:06:38.106972,P4,Report Delay,App Support,120,71.73,Met
INC01116,2026-06-02 09:04:00,2026-06-02 23:08:28.523340,P2,Login Issue,Database Ops,24,14.07,Met
INC01117,2026-07-26 22:20:00,2026-07-28 01:51:06.394691,P3,Data Discrepancy,Access Management,72,27.52,Met
INC01118,2026-03-30 00:23:00,2026-03-30 07:48:31.815277,P2,System Outage,Database Ops,24,7.43,Met
INC01119,2026-03-24 12:23:00,2026-03-24 22:14:29.237266,P3,Data Discrepancy,App Support,72,9.86,Met
INC01120,2026-05-14 18:34:00,2026-05-18 05:22:05.143340,P4,Payment Failure,App Support,120,82.8,Met
INC01121,2026-08-03 10:02:00,2026-08-11 05:19:23.898933,P3,Data Discrepancy,Access Management,72,187.29,Breached
INC01122,2026-06-02 09:31:00,2026-06-04 10:07:16.583333,P4,Access Request,App Support,120,48.6,Met
INC01123,2026-05-20 23:38:00,2026-05-25 13:54:55.237179,P3,Data Discrepancy,App Support,72,110.28,Breached
INC01124,2026-07-07 08:19:00,2026-07-10 15:47:10.390595,P4,Access Request,Access Management,120,79.47,Met
INC01125,2026-07-28 17:11:00,2026-07-29 01:09:11.143647,P3,Data Discrepancy,Database Ops,72,7.97,Met
INC01126,2026-03-07 15:04:00,2026-03-11 21:31:27.979520,P4,Performance Issue,Database Ops,120,102.46,Met
INC01127,2026-07-03 16:25:00,2026-07-04 06:10:48.170037,P4,Access Request,Network Support,120,13.76,Met
INC01128,2026-03-20 17:42:00,2026-03-22 16:50:55.869951,P4,System Outage,Network Support,120,47.15,Met
INC01129,2026-05-28 12:17:00,2026-05-29 22:31:41.136406,P3,Login Issue,App Support,72,34.24,Met
INC01130,2026-03-28 02:56:00,2026-03-28 20:22:32.671066,P2,Payment Failure,Network Support,24,17.44,Met
INC01131,2026-06-19 14:34:00,2026-06-20 15:21:20.526257,P3,Data Discrepancy,Access Management,72,24.79,Met
INC01132,2026-05-10 23:22:00,2026-05-11 17:18:43.736608,P3,Data Discrepancy,Database Ops,72,17.95,Met
INC01133,2026-03-09 16:32:00,2026-03-10 21:16:04.149611,P4,Performance Issue,App Support,120,28.73,Met
INC01134,2026-06-01 13:35:00,2026-06-05 19:28:32.458749,P4,Payment Failure,Access Management,120,101.89,Met
INC01135,2026-03-28 03:15:00,2026-03-28 14:25:06.807552,P2,Data Discrepancy,App Support,24,11.17,Met
INC01136,2026-07-05 17:09:00,2026-07-06 00:14:53.217681,P1,Performance Issue,Network Support,4,7.1,Breached
INC01137,2026-07-10 19:09:00,2026-07-13 11:57:08.421409,P3,Data Discrepancy,Access Management,72,64.8,Met
INC01138,2026-04-30 09:53:00,2026-04-30 23:36:15.370787,P3,Access Request,Access Management,72,13.72,Met
INC01139,2026-03-28 22:47:00,2026-03-29 04:12:13.508737,P2,Payment Failure,Network Support,24,5.42,Met
INC01140,2026-03-28 09:31:00,2026-03-29 19:13:53.845406,P3,Performance Issue,Network Support,72,33.71,Met
INC01141,2026-03-10 07:20:00,2026-03-11 13:39:30.037855,P4,Data Discrepancy,App Support,120,30.33,Met
INC01142,2026-03-20 15:08:00,2026-03-20 15:43:09.701500,P1,System Outage,App Support,4,0.59,Met
INC01143,2026-07-09 08:21:00,2026-07-12 01:25:22.835537,P4,Report Delay,App Support,120,65.07,Met
INC01144,2026-05-09 17:01:00,2026-05-20 03:01:45.640916,P4,System Outage,Network Support,120,250.01,Breached
INC01145,2026-08-23 17:12:00,2026-08-24 20:10:46.157129,P3,Payment Failure,App Support,72,26.98,Met
INC01146,2026-07-25 14:37:00,2026-07-26 07:34:17.881013,P3,System Outage,Access Management,72,16.95,Met
INC01147,2026-04-26 17:09:00,2026-04-29 09:37:26.933912,P4,Data Discrepancy,Database Ops,120,64.47,Met
INC01148,2026-05-07 05:13:00,2026-05-09 13:16:20.484637,P4,Performance Issue,Network Support,120,56.06,Met
INC01149,2026-08-26 16:05:00,2026-08-29 20:08:06.447618,P4,Data Discrepancy,Network Support,120,76.05,Met
INC01150,2026-07-06 06:25:00,2026-07-10 11:26:43.261981,P4,Performance Issue,App Support,120,101.03,Met
INC01151,2026-03-23 14:12:00,2026-03-23 22:51:01.927752,P2,Login Issue,Access Management,24,8.65,Met
INC01152,2026-08-16 12:30:00,2026-08-16 21:50:25.976713,P2,Report Delay,Network Support,24,9.34,Met
INC01153,2026-06-04 21:39:00,2026-06-05 06:40:23.443848,P3,Login Issue,Network Support,72,9.02,Met
INC01154,2026-07-10 02:09:00,2026-07-10 13:40:07.053293,P1,System Outage,Network Support,4,11.52,Breached
INC01155,2026-08-10 01:10:00,2026-08-14 09:02:39.131652,P4,Payment Failure,Access Management,120,103.88,Met
INC01156,2026-08-09 16:53:00,2026-08-10 07:08:45.579996,P3,Payment Failure,Access Management,72,14.26,Met
INC01157,2026-03-25 18:07:00,2026-04-01 17:19:46.722202,P3,Report Delay,Access Management,72,167.21,Breached
INC01158,2026-07-23 13:50:00,2026-07-23 17:18:16.832720,P1,System Outage,Network Support,4,3.47,Met
INC01159,2026-03-20 02:52:00,2026-03-20 03:51:14.549576,P1,System Outage,Database Ops,4,0.99,Met
INC01160,2026-06-10 14:29:00,2026-06-11 00:38:57.639699,P3,Access Request,Access Management,72,10.17,Met
INC01161,2026-05-07 10:12:00,2026-05-08 16:47:34.526346,P3,Login Issue,Network Support,72,30.59,Met
INC01162,2026-08-01 05:41:00,2026-08-03 13:14:55.690325,P4,Report Delay,Access Management,120,55.57,Met
INC01163,2026-05-16 12:57:00,2026-05-18 15:59:18.159052,P4,Data Discrepancy,App Support,120,51.04,Met
INC01164,2026-07-20 15:19:00,2026-07-25 14:14:20.537285,P3,Data Discrepancy,App Support,72,118.92,Breached
INC01165,2026-04-16 15:15:00,2026-04-17 03:18:53.910602,P2,System Outage,Database Ops,24,12.06,Met
INC01166,2026-05-23 15:13:00,2026-05-25 15:52:02.887213,P3,Performance Issue,App Support,72,48.65,Met
INC01167,2026-04-20 21:32:00,2026-04-25 08:42:26.114206,P4,Payment Failure,Database Ops,120,107.17,Met
INC01168,2026-03-23 13:29:00,2026-03-25 13:06:14.689011,P3,Performance Issue,Database Ops,72,47.62,Met
INC01169,2026-04-15 05:45:00,2026-04-15 19:18:03.401169,P2,Report Delay,Network Support,24,13.55,Met
INC01170,2026-04-21 21:23:00,2026-04-29 05:38:40.894782,P4,System Outage,Network Support,120,176.26,Breached
INC01171,2026-04-15 08:33:00,2026-04-19 14:02:43.977229,P4,Access Request,Network Support,120,101.5,Met
INC01172,2026-08-23 12:51:00,2026-08-25 12:25:25.130044,P4,Report Delay,App Support,120,47.57,Met
INC01173,2026-04-05 17:46:00,2026-04-06 14:45:46.206601,P2,Login Issue,Database Ops,24,21.0,Met
INC01174,2026-04-26 10:48:00,2026-04-28 12:13:46.489531,P3,Access Request,Database Ops,72,49.43,Met
INC01175,2026-06-09 22:11:00,2026-06-10 20:36:19.178760,P3,Login Issue,App Support,72,22.42,Met
INC01176,2026-08-01 01:22:00,2026-08-01 21:25:32.971471,P2,Login Issue,Network Support,24,20.06,Met
INC01177,2026-04-20 19:16:00,2026-04-20 22:26:37.550844,P1,Performance Issue,Database Ops,4,3.18,Met
INC01178,2026-08-15 22:44:00,2026-08-19 13:28:07.507517,P4,System Outage,Network Support,120,86.74,Met
INC01179,2026-07-06 08:09:00,2026-07-06 17:23:04.617149,P1,Access Request,Access Management,4,9.23,Breached
INC01180,2026-07-24 11:47:00,2026-07-27 19:28:22.997466,P4,System Outage,Network Support,120,79.69,Met
INC01181,2026-05-03 08:49:00,2026-05-04 15:27:35.516231,P3,System Outage,Access Management,72,30.64,Met
INC01182,2026-03-01 16:24:00,2026-03-01 19:37:12.209374,P1,Login Issue,Database Ops,4,3.22,Met
INC01183,2026-03-09 21:29:00,2026-03-12 05:48:21.223712,P3,Data Discrepancy,App Support,72,56.32,Met
INC01184,2026-05-28 15:14:00,2026-06-01 00:17:48.837773,P4,Data Discrepancy,Network Support,120,81.06,Met
INC01185,2026-08-30 14:18:00,2026-08-30 21:38:34.022096,P2,Payment Failure,Database Ops,24,7.34,Met
INC01186,2026-05-11 22:03:00,2026-05-12 18:48:10.060387,P3,Access Request,Network Support,72,20.75,Met
INC01187,2026-05-02 00:48:00,2026-05-02 01:13:50.143565,P1,System Outage,Database Ops,4,0.43,Met
INC01188,2026-07-02 18:23:00,2026-07-04 09:39:41.756387,P3,Data Discrepancy,Database Ops,72,39.28,Met
INC01189,2026-08-02 08:51:00,2026-08-02 10:47:16.323789,P1,Performance Issue,Access Management,4,1.94,Met
INC01190,2026-08-22 05:38:00,2026-08-22 13:23:39.354016,P3,Access Request,App Support,72,7.76,Met
INC01191,2026-05-13 21:19:00,2026-05-16 10:53:35.429684,P4,Login Issue,App Support,120,61.58,Met
INC01192,2026-04-08 04:54:00,2026-04-10 06:13:48.572369,P3,Access Request,Access Management,72,49.33,Met
INC01193,2026-05-15 03:46:00,2026-05-18 14:24:32.732188,P4,System Outage,Database Ops,120,82.64,Met
INC01194,2026-04-30 07:43:00,2026-05-03 07:16:37.825193,P4,Payment Failure,App Support,120,71.56,Met
INC01195,2026-03-22 16:56:00,2026-03-27 05:20:08.963179,P4,Performance Issue,App Support,120,108.4,Met
INC01196,2026-05-09 06:22:00,2026-05-11 10:45:54.921177,P3,Login Issue,Network Support,72,52.4,Met
INC01197,2026-05-10 08:12:00,2026-05-12 07:33:34.640636,P3,Access Request,Access Management,72,47.36,Met
INC01198,2026-04-03 02:14:00,2026-04-03 22:50:23.117009,P3,Access Request,Network Support,72,20.61,Met
INC01199,2026-08-27 18:32:00,2026-08-28 18:54:05.889711,P3,Payment Failure,Access Management,72,24.37,Met
INC01200,2026-07-25 10:14:00,2026-07-26 11:02:30.125487,P3,System Outage,App Support,72,24.81,Met
